order_id,customer_id,order_date,status,region_code
cc14db6a-543c-42a2-ac85-f76e7c6d0e4b,UNKNOWN,2025-12-29 09:22:13,DELIVERED,WEST
e64d4b5d-1108-4d3f-b3fd-99104948d21a,522f9bc0-0cc9-4897-9b62-dfbcaac138db,2025-11-09 16:22:13,DELIVERED,NORTH
db8dfa36-42c2-4ede-aef4-5994cefc92b7,84dcb8a1-a647-4198-8406-82c45c9520f2,2025-10-27 00:00:00,PLACED,WEST
d09a778c-d7a2-42ce-a3c7-ba3b8a10c942,e0fdcd9e-022b-48bb-a229-2463965ff1fb,2026-01-19 00:00:00,DELIVERED,NORTH
6cedb27d-1abd-4b26-a86f-dbb59907dc08,e83f4184-8620-48a2-8f56-f66faa5a79b6,2026-05-21 07:22:13,RETURNED,EAST
d5e51fd6-866a-4437-bfa1-e7b84cdf605f,efb289e3-b116-4441-a936-90089048062b,2026-03-03 11:22:13,RETURNED,SOUTH
1a2f7f55-8137-4e66-91b1-b4d19706784b,fb7dc01f-08f0-45ea-afe7-09ab05c660b8,2026-04-22 20:22:13,SHIPPED,SOUTH
d7a7f8a2-1af4-4a30-a0b6-cda4b5c15659,907c83dc-5266-4a3e-a694-1960aaaa88a2,2026-01-27 07:22:13,PLACED,WEST
e1fa8848-58a0-4b68-aaab-c5afa09bb6d5,fd2cb9e5-ab92-4d38-8e42-3e1cc8ca3bb8,2026-07-03 18:22:13,CANCELLED,EAST
44b1c824-da1d-4db3-ab33-e551f8b2b000,be4d7b8c-b667-4767-9e5d-532b32eb2d1c,2026-05-16 09:22:13,DELIVERED,NORTH
dcb37172-7562-4af6-b9b0-8596e26ff1c4,a9f260c6-f355-4b60-a7c7-904758ea58da,2025-08-24 19:22:13,DELIVERED,EAST
8f9dce1c-c30e-4197-8193-09fb61ecc45e,3949a0ba-6da9-45fe-8231-5fd7092ecff7,2025-09-23 00:00:00,PLACED,EAST
6720d786-6b33-4ef9-850a-3a9b2c2a0ed8,debc62f9-c4ab-44e5-b2fe-5372dc32a619,2026-03-09 10:22:13,PLACED,EAST
14ff18e0-5ecd-441e-bd87-cd575108292c,6879d9f5-aa45-406f-b195-4000a0d4dccd,2025-09-02 00:22:13,DELIVERED,NORTH
86b612dc-de07-4b50-b26b-cfea8015735a,UNKNOWN,2025-12-11 15:22:13,PLACED,SOUTH
3689cb9b-7d6d-4a1f-9f0e-26c99f776da6,96ae64c5-c1eb-4b8d-aff3-9ea3af87b05f,2025-10-11 03:22:13,PLACED,EAST
65995207-11f7-4d15-92a0-454f796567cb,3476a8c0-c016-4c25-b209-6a2bd08e690f,2025-08-02 04:22:13,PLACED,NORTH
1ca02f3e-9a11-427f-b6f8-d0616f6fc67b,UNKNOWN,2025-12-04 04:22:13,RETURNED,WEST
3508ece5-40d3-4a3d-97d3-31ab50dc1c72,267527d2-1cfb-4ae4-9f31-9fad65598240,2026-04-06 20:22:13,CANCELLED,NORTH
c8c08cbd-8164-495d-a913-3d91dc3fd0f5,a9e9c68d-ad95-4a58-92e9-fa7a8e4603cc,2025-11-16 10:22:13,DELIVERED,WEST
2dbe62ec-883e-46b0-ac21-b8111c202edf,ab1f19d4-809d-4d32-89af-09308bf55429,2026-02-28 06:22:13,SHIPPED,SOUTH
1f6000f8-bc46-437b-bc64-4aae1958dd81,09a32786-5e28-4095-a458-f7e48d7f4db8,2026-07-04 00:00:00,RETURNED,EAST
96feb3a8-7f56-4a6a-8dec-ba62f0ee0fb1,253e8522-06cf-4db9-b77e-332ad134bde8,2025-10-05 11:22:13,CANCELLED,NORTH
7cea57a8-02e2-4161-ab72-9148e05ee201,31c5d614-491f-4611-b105-12022c7ae8df,2025-12-16 17:22:13,DELIVERED,EAST
3ac1d864-8fc0-4b95-9fd1-9eab28504585,4165d5b9-7ae5-489c-ba80-d14f46a6dafa,2026-03-11 08:22:13,CANCELLED,SOUTH
67337d2d-cf70-4c95-8465-6ab59b8e8acb,9ebc6602-c34f-43bf-819f-25ad12e27f33,2026-02-01 01:22:13,DELIVERED,WEST
5ba4294d-cd3b-407c-ae8e-5880225465dc,451a08cf-ef68-4e4c-bd2a-2b318aec2286,2025-09-18 00:00:00,DELIVERED,SOUTH
dcbcf673-d5f5-49d7-a529-1b940e7ef4d3,92e8e632-1fae-4aaa-b6f1-65ca03c134fb,2026-06-03 00:22:13,CANCELLED,EAST
456a968a-cc41-4ab0-96bd-47aad2393df3,5c5c0474-c509-4a4a-ab7a-5d5eaec7e127,2025-09-21 00:00:00,RETURNED,EAST
31343ba3-e8c4-4dc4-bcd5-a097324fb957,63d869c5-9d25-4a44-a4aa-3da83e4be811,2026-06-04 00:00:00,RETURNED,SOUTH
5179b045-0bf0-4cc9-9aaa-61d0aee181da,UNKNOWN,2025-09-15 02:22:13,DELIVERED,EAST
ce75db90-0e99-4d37-878d-be71894b3f0f,d72798ce-b02b-45df-9f13-4ea1cfd252d5,2026-05-27 04:22:13,PLACED,WEST
18543b01-ab4f-48b4-8257-2a439c178c7e,5df52d38-821b-4406-b484-c16d150380fe,2025-09-14 00:00:00,DELIVERED,SOUTH
d0222b91-fdb3-4ea0-8047-e53068520f36,e1e09511-935e-4380-af89-5330e6734202,2025-11-09 20:22:13,PLACED,WEST
19b1c5a9-298f-459a-9944-db5e7660b9ff,debc62f9-c4ab-44e5-b2fe-5372dc32a619,2025-12-24 01:22:13,SHIPPED,NORTH
10832b41-b851-42a4-91a9-1e347e81576b,db8fad2a-f467-4e51-bb36-acf5baf3aed5,2026-04-03 18:22:13,CANCELLED,NORTH
822d96bc-a6d8-4d84-a2ed-b2d5e541c142,67c15c91-03d6-462c-83d6-68602467f7b7,2026-01-13 07:22:13,DELIVERED,SOUTH
120a7226-fa8e-4067-9dfd-c8bcf6d88933,ca600489-886a-4db0-acc6-57da4a16f024,2025-08-29 16:22:13,PLACED,NORTH
34e75656-a9d9-4c1a-adb9-c0cd3eaa4882,7e30ecb6-3e40-4e6a-bf3d-cb726f32f77b,2026-05-06 16:22:13,PLACED,NORTH
83e5fa53-76c7-4c3f-b473-3983da98865b,6970eea0-373f-49a3-a513-538ca834a6fd,2026-06-22 04:22:13,CANCELLED,WEST
e6797bec-114d-4b12-bcf0-ab11107970e5,75d7fca0-9f10-4d1a-ab02-0ec84531f2f1,2025-09-02 21:22:13,DELIVERED,WEST
327b193a-ea11-401d-8f57-a78e11ff672e,88dcc35b-328c-4f75-b0f7-412e1f5bf228,2025-10-11 07:22:13,PLACED,WEST
08c3561c-ed50-4b6e-85c5-d701102a1797,87e5e8c1-ace2-4195-b82f-f99b36e89dcd,2026-07-07 04:22:13,CANCELLED,WEST
1a5937bb-8892-4ce7-ab1e-ce659df5b7e5,4376002e-1341-44c9-818f-f35051f125b3,2025-08-24 00:00:00,CANCELLED,SOUTH
62a1b836-8d2d-4602-9ae4-9f120e25829d,e4098b93-c337-44a7-869e-c57af4a67c44,2026-01-11 05:22:13,SHIPPED,SOUTH
46882400-647b-4546-8360-f62e7cd3fe84,7cff1054-b2c7-4225-911d-14229d545a2b,2025-08-17 03:22:13,SHIPPED,EAST
b344ebf8-2bcc-4cc4-959d-65445d3207b5,dd959018-9b12-4677-b060-9f0c0581f3fd,2026-01-18 23:22:13,SHIPPED,SOUTH
2cf3e35d-68f4-4c5a-ac46-5e5dfdb09896,00ca1b7a-2fae-4c65-8b45-3fcb4c41c567,2025-08-09 15:22:13,DELIVERED,NORTH
6f975791-adde-4534-aad5-58ba8be435cc,2d0b02d0-bb0f-4034-a7b1-33bd47684be7,2026-03-17 05:22:13,SHIPPED,EAST
15a316b2-d7c2-4145-871a-3c26cbc6b3ac,267527d2-1cfb-4ae4-9f31-9fad65598240,2025-09-22 13:22:13,CANCELLED,NORTH
151e3fb2-a692-44cc-9c28-0f28fb5a00d6,ed14f607-9265-4434-af7d-02f19afceb54,2026-04-03 20:22:13,DELIVERED,WEST
f976fdce-7c49-48a6-883c-583c6a6497aa,2ecb3d42-4cd6-4985-956a-9358aedba620,2026-04-27 13:22:13,RETURNED,WEST
71954eec-66bf-4139-83d9-479732404553,85a30ee3-f3f6-4cff-89d6-dc002812dcc4,2025-12-15 19:22:13,PLACED,EAST
73dd4657-0e0a-4e72-b3bc-5b27e8ac5ddf,efdf9bcb-256c-4a7e-863c-4752b6c2ae66,2026-05-02 22:22:13,PLACED,EAST
9b6b7ca1-7964-4753-9692-14c2e4b13122,e4ae9446-92e8-4630-9b87-02069ab6e594,2026-02-04 02:22:13,PLACED,NORTH
aec58935-b69f-4b78-b146-c1c15b2243b0,f8f1c210-ebb0-4eb3-b122-c4ab7ab8969f,2026-07-01 08:22:13,SHIPPED,EAST
dbdf9dd6-22b3-4584-8b22-e943a890db8d,8736732b-46fb-48f4-b982-91df773309db,2026-01-09 15:22:13,CANCELLED,WEST
e805fb57-2f20-47ec-a2d9-8a571c9086b6,7cff1054-b2c7-4225-911d-14229d545a2b,2025-09-23 15:22:13,DELIVERED,SOUTH
046f96b3-c4e2-47ac-b9fb-13695ea423d0,361f7424-08dc-4e56-981e-5c20c2f13b09,2025-11-13 19:22:13,RETURNED,NORTH
fe080e8e-0a29-4335-9065-f0394eaee2b4,488dd665-8302-4b27-84ae-1d97c23a29b8,2025-08-23 15:22:13,PLACED,NORTH
d5e7ad61-63c1-4c91-a9e1-01ecf83d6598,99b21a83-9724-4ab8-bc97-fe18bf475d6f,2026-03-04 20:22:13,DELIVERED,SOUTH
e616ac5a-64cf-4d52-8eef-4721fdc3f612,3401c705-9e6a-425a-8f6d-8476fa7e22b6,2026-04-18 03:22:13,CANCELLED,SOUTH
96ac8ccc-1d34-4e3c-bf45-0149b868e15e,f83f7f6f-74ec-4c46-843a-4bf7b1ee12a9,2026-06-06 00:00:00,DELIVERED,SOUTH
af091d1f-d64b-475c-be11-4e6feb5b1713,5355d945-b674-4595-8458-563b721319a7,2026-05-28 01:22:13,RETURNED,NORTH
c6fa0e96-6cd9-4a59-ba3d-4b3e8b3456e5,c1295937-dd35-422e-8e3e-81be9ee6422c,2025-12-22 09:22:13,DELIVERED,NORTH
6b2485c3-c2c0-4a05-9a3b-852f84ab68a1,cde15e52-f959-46bd-9056-4d5f485f5486,2026-02-22 10:22:13,CANCELLED,SOUTH
e023d9cc-3711-4775-8ec9-4e83733da9ce,a86a366b-fca3-45b9-804a-6861b909c24a,2026-02-27 01:22:13,DELIVERED,WEST
e286976d-cde4-4744-83ae-985ee426fd92,fc35fa3a-ae8f-454c-87b2-dcc7ab699c27,2025-08-02 06:22:13,RETURNED,SOUTH
2d00339e-b40f-4ae1-8e30-df9119f1b74a,6d8a383e-0ee1-44de-a6c8-73ed764a5894,2025-09-28 07:22:13,SHIPPED,NORTH
8891819a-9418-453b-b4a5-fe055bd08634,1990974e-5420-4505-9656-aec7b6748f11,2026-03-02 22:22:13,SHIPPED,SOUTH
9f04afd7-30c0-404c-99e8-e5779d6c8b63,f990cf48-22f5-44b0-a788-0905ea0f3fe1,2026-01-16 02:22:13,SHIPPED,SOUTH
c4d119b3-db54-4f92-b64b-ef52c95247a6,d71adcbf-e5c9-482e-a1f9-e9d5b2a7cae4,2026-02-03 00:00:00,RETURNED,EAST
bb7f23b9-f5b7-493f-bee5-f3431628eace,66bdbcf7-c052-4023-99ed-432af1acdf2a,2025-08-18 00:00:00,CANCELLED,EAST
8171a585-8d59-4c95-892d-3b40b7dc29a0,UNKNOWN,2025-12-22 07:22:13,CANCELLED,WEST
40016a9c-e7be-4359-b0ac-339de9744d5a,7106fb75-274f-4487-b20b-fb1af684fca6,2025-07-21 15:22:13,RETURNED,NORTH
acd824c7-e424-4ae1-b98f-be53ed5e1808,cdfe3ec7-0084-4263-aeee-1b35e678da2e,2026-05-04 10:22:13,PLACED,NORTH
2a957c9c-f982-44d1-8238-6a613ef3df63,a6582e63-182e-4ae7-af04-4c5f30f53a91,2026-01-23 00:22:13,RETURNED,NORTH
ab454613-03c3-4e5f-b62d-aac5c77c3675,49881c4f-3461-4118-b011-2c5a255f3cdc,2025-11-21 17:22:13,CANCELLED,SOUTH
9f8b0c9a-e567-4289-9798-19ed686c1e4b,5378458a-363c-43ec-a269-08cc2a68873d,2025-07-30 20:22:13,SHIPPED,EAST
c3c1712b-1b94-42e4-b422-474d890b791f,4f3b0a02-9ffc-4330-bbbe-6c2569796b02,2025-11-27 00:00:00,CANCELLED,WEST
f74bfbaf-6e5b-42b2-b90c-1044e9f11754,3248bb73-a8f3-46c1-a6ff-9458cd49a23a,2025-10-09 01:22:13,RETURNED,NORTH
906a4cf0-d070-447d-91e4-96be46e8719a,c1d7c6b9-9ed0-4910-ab88-b2e496cc77ff,2025-12-24 00:00:00,PLACED,WEST
f63bad29-a2c5-4831-9bc0-18c10b174ee6,UNKNOWN,2026-07-01 03:22:13,CANCELLED,NORTH
01bffb62-df4a-4a5c-89f3-61cef1bea5f6,d37abe2e-bb00-45e9-91e4-de435e492f5d,2026-01-11 07:22:13,PLACED,WEST
76c13145-2f19-430b-9ce6-0c4f5bde7098,cfaf5bcf-a532-4e91-b200-80b396a55041,2026-01-22 10:22:13,RETURNED,WEST
70820b14-e49f-4391-a803-57fe8587b8c0,61009261-029c-4438-9136-96473be25e97,2025-08-22 14:22:13,DELIVERED,SOUTH
1f7e0a7d-4eac-4265-b986-47dcb92952e1,decf1256-962c-43fc-b21e-be36b7120e2b,2025-09-30 12:22:13,DELIVERED,SOUTH
fd43bc1e-9567-48ef-9247-38f3d753185b,ff66cb93-4da2-4cfe-9e04-381fc628b6cb,2026-05-14 08:22:13,DELIVERED,SOUTH
17ecf870-e5f9-4001-8e3d-e8feccfe9782,c358f3d9-27d9-4973-83f7-1b3d75e4e4ec,2025-11-11 03:22:13,SHIPPED,WEST
eaf00d74-a59e-485d-bc16-32117b0088c2,5d775f09-410d-4001-a7f8-da1a282e180f,2026-01-15 03:22:13,PLACED,WEST
ea72c2d8-dcf4-4769-b2a9-b0d8e0fdb0ed,6ee485a9-2410-4e63-8981-ddb4090044d9,2026-01-05 10:22:13,PLACED,NORTH
b2c98f33-da85-4357-b2a9-e62d0ca70d7f,b642f518-5720-41dc-abef-1afbc52417db,2025-10-27 09:22:13,RETURNED,NORTH
537029cb-4d08-48b4-b6b5-e706c120f743,d015fbb1-b804-4911-be61-8e9869a7cdfa,2025-10-13 00:00:00,DELIVERED,NORTH
5916b6eb-4f84-4d25-b579-6383a05d8518,6741736c-927f-4323-adfb-72873fe1af84,2025-08-25 09:22:13,PLACED,NORTH
29140886-36ba-4d23-975f-0ed73dfd83f9,63d75b17-b0e3-4440-950b-6e0f68232901,2026-02-12 00:22:13,DELIVERED,SOUTH
63b5c96b-b0c5-4b23-bf28-c342c3955ac8,e07b2516-9958-4106-8d30-3acbd3204883,2026-03-15 19:22:13,PLACED,EAST
2aa5db8e-8844-43c7-9525-437bad0e5a0e,c2be9f00-dd4a-4e86-ab6b-5f76278a3b5c,2026-02-27 15:22:13,RETURNED,WEST
666d4401-9216-4cca-b9c9-72f7f648ea7c,d320e9e3-1d70-47be-a1f3-24bb99b7164c,2026-02-05 07:22:13,DELIVERED,EAST
5e4c3fb6-eca6-425a-a959-351c4e8245fb,61f8cac8-004c-40e2-8c15-24d4f82e55c9,2026-07-09 04:22:13,CANCELLED,EAST
08a6c021-cd83-471f-bc15-5582258d9701,d46f459d-84d9-4b1b-9f51-d45a04d3604a,2025-12-07 14:22:13,PLACED,SOUTH
365f1005-4d50-423c-817b-68464cee7e14,d980104a-23c0-4ff2-a2ca-d422d1416cbd,2026-04-06 10:22:13,CANCELLED,EAST
11554f3b-f0cb-4ab2-ba6a-a3401e37c502,217eeab9-5d2d-46f2-9256-b567820abcd3,2026-04-13 09:22:13,DELIVERED,EAST
d9a47742-53a9-4656-a13e-542229251ee3,b307b4d8-0fb4-430a-af5c-037629500d53,2026-04-27 18:22:13,DELIVERED,NORTH
5a062e5a-419d-4a24-990e-592e1fc36517,559c65f4-74d0-44ca-abf4-d0c9a1daf5f4,2026-02-08 00:22:13,SHIPPED,NORTH
5ccabcb3-ce23-4db7-a379-9624856be2ee,5c5c0474-c509-4a4a-ab7a-5d5eaec7e127,2025-12-24 02:22:13,RETURNED,EAST
32f1db7c-f8b3-464f-8227-0555888d89ce,8b52cbf1-f5c6-446b-932f-1329e3c3a3eb,2026-04-25 02:22:13,RETURNED,WEST
0d4c160e-4b51-4d4c-a28d-0dcaefb77a95,9b6899e7-5399-46b3-bb77-c5be84b4eb01,2026-03-03 00:22:13,SHIPPED,SOUTH
8400bcb9-5565-430f-a6c9-a44371902541,740cf099-ca34-4045-9fd1-8acc3012cf94,2026-02-04 07:22:13,PLACED,WEST
d0ae0014-4328-4e06-9803-a0947d9a28f2,4202e260-c4de-4795-b0b3-e218d511a66c,2025-12-04 10:22:13,DELIVERED,NORTH
dfd5aa72-c423-4623-901b-e98df932c24d,5420d28e-6029-4b53-b344-5dd4f77c2a52,2026-01-19 06:22:13,SHIPPED,NORTH
49a0d753-58be-4baa-bf92-4c1059d57d3d,3401c705-9e6a-425a-8f6d-8476fa7e22b6,2025-11-17 00:22:13,PLACED,EAST
ceece2db-8ad3-45ef-a81f-06717fb6ded5,d9a75548-1df4-4c5f-954e-b60bbaf6faa7,2025-11-27 11:22:13,CANCELLED,WEST
8157f6f1-4872-4f7a-bd85-d7c51ee8c127,5c5c0474-c509-4a4a-ab7a-5d5eaec7e127,2025-11-13 18:22:13,CANCELLED,SOUTH
97fae99e-327c-4cf1-9338-b923365d8507,2ecb3d42-4cd6-4985-956a-9358aedba620,2025-10-19 00:22:13,CANCELLED,WEST
c3c77200-3476-4398-b951-37a88f595989,1909faf4-b468-45da-879a-e96265d93751,2025-08-05 06:22:13,CANCELLED,NORTH
427ac712-e6a6-4019-9fdc-2fdd1edfaf40,4eee24c2-9881-46aa-8087-adbae6f3e2f6,2026-06-30 00:00:00,PLACED,NORTH
85d7258f-0dad-449f-8665-c010b87af68b,147ed37a-3113-4335-92f3-ec0f93cbfddd,2026-05-08 13:22:13,RETURNED,EAST
f91a0c27-d6eb-4b1c-948e-268437428b90,35bb1c80-b283-44f8-9e58-14734a7c5b27,2025-08-26 01:22:13,RETURNED,SOUTH
15a0f83b-b7f8-48a5-9c13-517344d8888a,13479f26-3bd3-43ec-9b88-e5aca1aefb70,2025-08-26 22:22:13,DELIVERED,SOUTH
aed627fc-2aec-4ab1-b539-155b690e8ea0,0ffee807-cdfb-4757-8aa3-a373f81a5da2,2025-10-15 12:22:13,SHIPPED,NORTH
e9b48492-2b20-40ac-b203-704a94873111,UNKNOWN,2025-08-16 06:22:13,CANCELLED,NORTH
6a3cdf5f-09bc-45b5-83b7-04e5ad6c5afd,25d0941d-0163-482b-8b12-6a9ff44c3915,2026-05-19 21:22:13,CANCELLED,SOUTH
b93cd7fc-280a-48d3-8343-0344f34b4429,ba7c0302-385b-4a00-a1b0-822a63c804d8,2025-11-08 19:22:13,DELIVERED,EAST
5d6a34c3-3447-4ec0-8663-b34f2e781a2c,12e33fc0-437d-4a43-80e0-44ebbec9a2c1,2026-06-19 14:22:13,CANCELLED,EAST
c0038e92-03ec-4c53-8bc3-f675f65c6a85,e5f98d1a-28c7-4b84-ab05-924923f16fd5,2025-08-16 00:00:00,DELIVERED,WEST
02a4cca0-db8f-4122-89af-d882d0902a9c,05de0f35-6fa0-4074-86d6-98bd2cccd7bb,2025-11-27 23:22:13,SHIPPED,NORTH
dbe5bbd0-1fcc-4ac1-a0a7-b2231473403b,3417664f-2c1a-4887-9cb6-7477b2a7a8d7,2026-06-24 02:22:13,PLACED,WEST
9b2f8249-076c-4064-b025-929a0b4568b9,9c0b5caa-6c09-4c74-85fd-44ed3b530039,2026-02-19 02:22:13,PLACED,WEST
0d81f9e1-84aa-4d4b-b785-db9d5c0c65f0,7b18cb81-676b-40b4-83f8-26d51a526a02,2025-11-14 13:22:13,CANCELLED,SOUTH
7a6fd8c0-5988-46e6-ab89-b6901627c7a6,f5f1afad-535e-41ef-b2d2-f997abd180ee,2025-12-25 07:22:13,PLACED,EAST
9e29735e-fc35-47ca-ab94-16f11e2efb61,434fadeb-e1ae-4aa5-9a2f-a0469c306cb1,2026-05-29 00:22:13,SHIPPED,WEST
781c4158-0997-40cd-b24e-8358bf24c977,8f38021b-4a3f-46b6-b85e-9cf28c5c13b3,2026-02-12 11:22:13,RETURNED,NORTH
e627e71c-5710-4291-9cf5-8b271b1967ad,72086cd4-3cbc-4f72-b8a2-3439b5b12927,2026-07-01 11:22:13,DELIVERED,WEST
15b6063e-eb7b-4816-a58a-6c2aa0ac7721,e0fdcd9e-022b-48bb-a229-2463965ff1fb,2026-05-12 15:22:13,DELIVERED,WEST
213b8791-4451-44f7-a174-fc42c503837c,9dbf7708-a510-4a16-b14d-0584869a1816,2025-10-31 22:22:13,DELIVERED,NORTH
87e6f3b1-ab3e-4952-b23e-ec2de39cecd3,3e599188-b869-4493-aea8-9f97de73e6ee,2026-06-26 16:22:13,CANCELLED,NORTH
b035e86f-7c15-4c61-aadd-4dcc0b2903e1,8947d1c3-e8e4-4e75-a564-33ad24ce5bc0,2026-04-25 00:00:00,PLACED,SOUTH
b754c590-c14f-4401-82e8-b0c20b6116f9,f5f1afad-535e-41ef-b2d2-f997abd180ee,2026-05-13 21:22:13,DELIVERED,WEST
c0fb33df-a409-4ffa-b267-5fa185100bf9,c33a312f-6c66-4bcf-a38a-9150aad4a2bc,2025-07-21 13:22:13,PLACED,NORTH
04371c40-1e19-4680-b414-1a0036fc2be1,4b88b448-0ce0-40e9-8687-67c5af1aefd6,2025-09-25 00:00:00,RETURNED,EAST
a7a1043c-1027-472a-8ec7-78c65a300750,0d9e61d4-0308-4d50-8c90-ebaaac30afe6,2025-12-22 18:22:13,SHIPPED,SOUTH
002650a3-565d-4194-97b0-396298eefc34,efdf9bcb-256c-4a7e-863c-4752b6c2ae66,2026-06-04 01:22:13,DELIVERED,SOUTH
eab058e0-97af-4ce6-b5bc-f61087916095,5378458a-363c-43ec-a269-08cc2a68873d,2026-04-15 17:22:13,DELIVERED,NORTH
3605c227-5e9f-4a11-a679-3be2d70914cb,88dcc35b-328c-4f75-b0f7-412e1f5bf228,2025-09-01 23:22:13,PLACED,EAST
8e761a2b-6228-4e88-b5cb-261168eb58c4,84dcb8a1-a647-4198-8406-82c45c9520f2,2026-05-20 00:00:00,PLACED,SOUTH
aca98643-4bba-484e-92e7-b9c803febedc,bf953c24-821d-4434-9c15-7966baa3a5cf,2025-11-28 06:22:13,PLACED,NORTH
65a3fb92-2116-4c18-aa17-e0612a30775d,6741736c-927f-4323-adfb-72873fe1af84,2026-05-16 00:00:00,CANCELLED,WEST
bfb8cce5-2eb4-44d3-82b1-c867cefc2790,08d89b47-0471-4319-b065-60f21f4ca831,2026-01-10 11:22:13,RETURNED,NORTH
48aee4c7-cf53-4224-a20b-3d56ab2916f7,907c83dc-5266-4a3e-a694-1960aaaa88a2,2025-08-14 04:22:13,SHIPPED,EAST
05a1e111-e125-4b28-9181-9b5dd3e3b41c,7a0e978c-0062-4158-a604-57d407c4cbd6,2025-10-18 06:22:13,CANCELLED,SOUTH
2c74234a-0f63-4b68-820a-12e0a9681852,019f564b-4b53-45ae-aceb-f159636338f2,2025-10-16 07:22:13,CANCELLED,NORTH
10bc01e6-35e8-4724-99c7-ca82cae9754b,dd3a044c-051c-48e1-9aee-874940fae340,2025-07-30 18:22:13,RETURNED,EAST
b514f760-b0be-4b34-877e-31bc468bc0ab,a246ab01-c2b1-44b0-8da4-7a10c55e2942,2026-04-11 15:22:13,CANCELLED,WEST
13dcc8fd-8f0a-4942-b9da-25d9b8b140c4,dd72f10d-0c5c-4ac6-ae24-839883551eab,2026-07-10 03:22:13,DELIVERED,WEST
d4036b4e-6c11-4ec0-a258-8fefc90b4d28,a092617c-4617-4d66-95c5-0ec0fa9a83cd,2025-09-13 13:22:13,PLACED,EAST
978707bb-4110-4994-afb5-5aead9b6db5e,63d869c5-9d25-4a44-a4aa-3da83e4be811,2026-03-28 21:22:13,SHIPPED,NORTH
5bc27635-b15d-44bf-a9b0-35a11418417d,a6582e63-182e-4ae7-af04-4c5f30f53a91,2025-08-15 23:22:13,PLACED,NORTH
f3dfaad3-9125-4339-a2f0-f6bb1b4d258e,c358f3d9-27d9-4973-83f7-1b3d75e4e4ec,2026-03-27 05:22:13,DELIVERED,NORTH
96b0bd82-4fc8-432a-9196-cf1462d1ccb4,d130d335-9c8c-4399-a0b8-6c8c333eab97,2026-06-21 16:22:13,RETURNED,SOUTH
5783e896-3aa2-4819-a7d1-e1c34c79f9bd,36c8542d-a042-4c96-ac00-479889661da3,2025-08-29 03:22:13,CANCELLED,WEST
735774a8-5b80-47a8-9f56-65cef85fdd94,9f522c76-c431-4a68-bb83-e211d6331a7f,2026-01-21 21:22:13,CANCELLED,SOUTH
bcce8c0a-3e3d-489d-99b7-c168d9862560,01c22984-0a20-4b02-9c07-082af55a17a5,2026-05-09 08:22:13,CANCELLED,SOUTH
55d4f616-cdc9-4823-a976-b1348c746783,964c0a1d-da8b-4e7d-8783-636c25cdbddc,2025-11-08 16:22:13,DELIVERED,WEST
56f9d038-42e5-4c04-bf12-26038bac5622,63b75fee-7cff-4496-9ea2-5b8c93a1e947,2025-11-17 02:22:13,PLACED,SOUTH
30fa1106-4ca4-4fd0-bd30-e95ca1eeaeba,f69bb38b-40c6-4628-97c2-053c0b07e3ad,2025-11-10 05:22:13,RETURNED,WEST
a219c8ee-3933-4740-8743-712898d22b2a,25fa72f6-e1ee-48ee-83d7-db14609fd92a,2025-09-18 00:00:00,DELIVERED,EAST
95bad8c7-b5da-43a8-b32c-8bc106a34f11,dfd3c907-4dad-4b3f-823a-c76b15c5f195,2025-10-12 23:22:13,RETURNED,WEST
da7c8696-bab0-441f-be5a-52db12a7a3ca,UNKNOWN,2026-04-12 13:22:13,DELIVERED,WEST
6f645f2d-b8f7-4eec-ae02-013a301cc507,f1cb62e9-1f11-4335-9892-d7ca8f78a656,2026-04-20 22:22:13,CANCELLED,EAST
24bea887-ccde-49f9-91d7-b9b01238202b,84dcb8a1-a647-4198-8406-82c45c9520f2,2026-01-29 22:22:13,RETURNED,WEST
dab1d62e-4b7f-475d-ad7d-d539cc876e43,4202e260-c4de-4795-b0b3-e218d511a66c,2026-06-08 15:22:13,CANCELLED,NORTH
3a175e26-e290-4152-b780-3c1830acdf64,faa87932-9a65-4056-9bc4-dae721cf0dbb,2025-10-25 17:22:13,DELIVERED,NORTH
a87d1bf3-a2aa-4cb5-bd93-c3d35c0b366e,a5ec7cf2-191b-4254-9ca8-3a94318b2ac9,2026-05-30 09:22:13,SHIPPED,WEST
967c807a-afd7-4fa0-b989-5f9a43c1410a,c358f3d9-27d9-4973-83f7-1b3d75e4e4ec,2025-08-30 00:00:00,PLACED,NORTH
f1b54462-0ea0-4492-9079-c9ccb04f5876,UNKNOWN,2026-04-14 16:22:13,DELIVERED,WEST
c37dc552-53d2-42e0-8223-747f86e3b038,08a7ac1f-47f2-4ed9-a035-475e0b3cb768,2026-01-19 03:22:13,RETURNED,SOUTH
d7ae5180-bc59-44df-b662-cbaec005e55c,cb561ec0-5981-4bc7-b457-07c9feadc341,2025-09-10 10:22:13,PLACED,EAST
03dd13c4-ad31-4bb3-b711-6a44f78e4bb7,e5f98d1a-28c7-4b84-ab05-924923f16fd5,2025-12-17 11:22:13,SHIPPED,WEST
6ebc3adf-9191-4716-8588-96443d0f12a9,5338390c-6b09-4cb9-992f-6f03570385cb,2025-12-29 17:22:13,DELIVERED,WEST
c5e688a3-b557-4b40-b19e-16888b7e7873,f0d6eaf0-5872-4499-aeb3-faa0668e74c5,2025-10-28 09:22:13,PLACED,WEST
a0552463-766f-4074-9e2b-8d85acab325e,f37ffb22-6d17-41d5-9b1a-760e4b547e29,2026-05-08 15:22:13,DELIVERED,NORTH
18fef1e1-44d1-426f-a292-918dcc421776,4dfbeba8-0c0a-4dca-8634-44f8ccbb1f11,2025-07-22 12:22:13,PLACED,EAST
c483093d-5acc-4b8b-bb90-1f8a32c23a11,31c5d614-491f-4611-b105-12022c7ae8df,2026-01-09 07:22:13,SHIPPED,NORTH
6f5af5e3-6e2c-4a9c-b448-be1d7b63838a,f990cf48-22f5-44b0-a788-0905ea0f3fe1,2026-05-20 11:22:13,SHIPPED,WEST
5b048307-1a22-4f92-9d35-e6387bc60488,f69bb38b-40c6-4628-97c2-053c0b07e3ad,2026-03-22 00:00:00,PLACED,WEST
159031e0-2aab-4fad-b506-f0245c4143d4,d09e606e-8fc5-49f7-b340-05252aa2a274,2026-04-15 19:22:13,DELIVERED,EAST
a8e5e1f6-d26c-463e-81e4-7410c1a23ba4,6ee485a9-2410-4e63-8981-ddb4090044d9,2025-08-06 00:00:00,SHIPPED,WEST
4dc9c6d8-d773-4520-9f0f-898dab1cd0c8,77e4acc4-a04c-4276-b781-038354c026fa,2026-06-10 23:22:13,SHIPPED,SOUTH
2543559a-e788-48e6-b89e-84b57f130519,6ac6da1f-b129-4a2d-a96c-9ba097a327da,2026-02-04 07:22:13,CANCELLED,SOUTH
80497285-8177-4d88-8ee8-f55088234221,8a6b1cb3-ec81-479d-9da6-7a2f030ef697,2026-06-09 19:22:13,PLACED,NORTH
b303bbc0-a6b6-4c0b-b109-8393b721d05f,a6b357c6-5bd7-4cb8-8dfa-a07420d40108,2025-11-06 05:22:13,RETURNED,NORTH
5f482879-5511-4b3a-bd34-49f21c9eb247,5a313348-f39b-4850-8f84-2c38f8bf258c,2025-09-06 11:22:13,RETURNED,WEST
f1605315-8343-4878-a541-8f28b51b1809,cdfe3ec7-0084-4263-aeee-1b35e678da2e,2026-04-18 10:22:13,SHIPPED,WEST
99558239-8ae9-4b31-be5c-511c06c0a4f5,b46c7ce0-0bef-4b54-8a66-08914917e0fe,2026-04-27 20:22:13,SHIPPED,EAST
3dbae592-2d94-4826-9377-a1e4f32a2dd4,d9a9c394-d9cd-4791-beff-154de50beba7,2025-09-04 01:22:13,RETURNED,WEST
a15ea6e6-78e9-4e1e-85a0-9e453e7de665,a6b357c6-5bd7-4cb8-8dfa-a07420d40108,2026-03-08 07:22:13,PLACED,SOUTH
0f614307-d06d-4713-afdd-e5b0a519182d,66bcecf2-6a05-4536-8df6-1ff2c8ae00c0,2025-07-25 06:22:13,CANCELLED,WEST
7559ef93-d073-4b2a-afb1-145907fa38c6,08a7ac1f-47f2-4ed9-a035-475e0b3cb768,2026-01-17 20:22:13,PLACED,WEST
9483663c-fa6a-4ba6-8f86-c7228d6e87bd,dd3a044c-051c-48e1-9aee-874940fae340,2025-08-07 11:22:13,DELIVERED,EAST
0117cbe8-429c-4d9b-a476-393763319ab5,4b88b448-0ce0-40e9-8687-67c5af1aefd6,2025-08-30 22:22:13,DELIVERED,SOUTH
08641bd2-6280-41bd-afca-11650ea6ff59,dfd3c907-4dad-4b3f-823a-c76b15c5f195,2026-06-27 10:22:13,RETURNED,EAST
1df23c86-52a9-4fc5-b395-f9b58664b7c6,f3e09a8b-4c7e-4e0e-86cd-1a683d1b8633,2025-08-20 00:00:00,RETURNED,SOUTH
0a8f8ec0-c21d-4205-ac53-d88cd267a4be,d6d1bd9a-d5f5-4691-9f78-be65d8d98ce5,2025-12-14 00:00:00,DELIVERED,SOUTH
028918d5-4f06-4783-b139-5e6047095a5d,1879121a-a475-406f-9394-0a54df790419,2025-10-04 12:22:13,CANCELLED,NORTH
7585c969-7806-4b48-ace6-952f92ff6848,87e5e8c1-ace2-4195-b82f-f99b36e89dcd,2026-05-03 09:22:13,SHIPPED,SOUTH
7f1cbe17-5af8-4614-8d77-d27a37e1e539,cde15e52-f959-46bd-9056-4d5f485f5486,2026-02-10 09:22:13,RETURNED,NORTH
0ecced20-6c07-40a6-806c-86f6b49d822b,77e4acc4-a04c-4276-b781-038354c026fa,2026-06-18 15:22:13,PLACED,EAST
8f5ff62a-16f5-43eb-88bf-fa8dc3e1a569,d6d1bd9a-d5f5-4691-9f78-be65d8d98ce5,2025-08-26 00:22:13,PLACED,WEST
54ee61bb-8eae-485e-a120-e5b7f1d49f13,a6e95005-124f-4395-8355-3ea70c868bf7,2026-05-13 15:22:13,CANCELLED,SOUTH
0ababb80-95c0-48c9-a898-d8ccafc3345e,1185fa13-b21f-4a1f-ae5f-45be4b438a4e,2025-11-13 08:22:13,PLACED,SOUTH
450589c9-99a2-401c-9d07-2ba7e152cfea,c1d7c6b9-9ed0-4910-ab88-b2e496cc77ff,2026-04-12 05:22:13,CANCELLED,WEST
39dc35fe-e36e-4ce5-a1dc-126b926cd029,eaaeea24-14c2-4eab-95ec-8d61c8458895,2026-06-21 00:00:00,CANCELLED,WEST
322f31f5-8ddf-4345-a25e-b642b5d34507,96ae64c5-c1eb-4b8d-aff3-9ea3af87b05f,2025-10-19 19:22:13,RETURNED,SOUTH
cda08f31-45c5-4c8c-a1bf-4c791ccfbbd2,cfaf5bcf-a532-4e91-b200-80b396a55041,2025-10-25 18:22:13,SHIPPED,SOUTH
7ca5d9b6-ba38-4318-ad32-0357ef262b19,c927dc13-a4cb-4193-b7e4-dda40e3fa361,2025-08-20 03:22:13,SHIPPED,SOUTH
8ad919fa-8cfa-4f0d-b913-9137ad7d5dd8,e2afc638-2d0b-4ee3-9878-f12841c04759,2026-04-22 14:22:13,SHIPPED,SOUTH
6ad47661-f102-4ec7-9935-72920c6582fb,362d07ce-ff3f-4db8-9fbb-17cd635386d1,2026-05-24 00:00:00,PLACED,NORTH
64db6d8b-3ead-41f2-ba9b-0eb5f4854d2c,10419ae4-7e49-4812-a0ea-2d492fa8bac9,2026-03-09 05:22:13,SHIPPED,EAST
7a2bd8af-d4df-4002-b5e4-2c60d9c8d707,e3f7830f-2d06-417c-b5db-02229828a56a,2026-04-30 23:22:13,SHIPPED,EAST
375e099d-32dd-4185-bae2-30680438ca9d,3476a8c0-c016-4c25-b209-6a2bd08e690f,2026-03-13 01:22:13,DELIVERED,SOUTH
724af055-cafe-4559-b0e1-77b81fb8fdd0,646daefb-4dd8-4310-ac61-e7ac0b69b681,2026-06-02 00:00:00,CANCELLED,WEST
d15ddf51-5e24-4802-91f6-a31ba8735f01,a092617c-4617-4d66-95c5-0ec0fa9a83cd,2026-07-03 00:22:13,CANCELLED,WEST
9273a467-67f0-4602-aa00-1e74edc2b3fa,517f726c-466f-4c53-ab22-2c04efdf5603,2026-01-03 22:22:13,CANCELLED,SOUTH
f0b6dfd9-3ca3-406a-85be-ae4c4a7ea3d0,4165d5b9-7ae5-489c-ba80-d14f46a6dafa,2026-02-16 06:22:13,DELIVERED,SOUTH
c480d533-6c11-4b69-90e4-e4f111651639,27fcc770-6a06-43a2-8d48-54131fd75cb1,2026-03-23 13:22:13,SHIPPED,NORTH
13e41599-6a2d-426d-9bfd-ef9f67175a2d,4b88b448-0ce0-40e9-8687-67c5af1aefd6,2025-10-22 07:22:13,SHIPPED,NORTH
89eb90bb-1789-4f57-acec-d35be762f34b,a2dd8db7-65e5-4aab-a399-a0ba3a3f2bcd,2025-08-11 02:22:13,CANCELLED,NORTH
56cb195f-1ddc-46e1-88b4-37202b292221,5df52d38-821b-4406-b484-c16d150380fe,2026-07-11 10:22:13,RETURNED,SOUTH
46877725-ba59-4c3b-8638-4194a3e7207b,9c24661c-3eae-498d-890c-0e94f3dc1ee5,2026-07-13 16:22:13,SHIPPED,SOUTH
d20f3da6-116c-4751-82a1-ec62a0238475,7e2b43f9-a4b5-46e6-b66d-58848848f971,2026-05-26 13:22:13,RETURNED,SOUTH
a28da9bf-f6ef-46a2-b9d7-a27bb201447e,8b3ba4f5-cca3-4b26-b6db-0b448a922209,2025-12-21 00:00:00,DELIVERED,EAST
468753ba-c30b-4e31-8997-f3d57aa083a0,d001c707-07a6-4d7f-a679-6389aab519d7,2025-10-13 19:22:13,PLACED,SOUTH
a54069e2-15c6-40d6-8eef-0208d48c5039,8d75fa4f-2cf7-4673-b362-145cf893ca53,2026-05-21 04:22:13,RETURNED,SOUTH
b084527a-d723-4ad4-b300-014bad33657d,a7f1316a-d5e3-432d-a1ff-8377d9a9e3f5,2025-09-24 08:22:13,RETURNED,EAST
cc665811-b7de-409f-ac09-c2bf48731d56,e7271058-a488-4a10-a7dd-95b55a3ed91f,2026-02-17 03:22:13,RETURNED,WEST
7d814b2a-78dc-461a-b820-32a7e54730b2,30148e70-4020-49ad-bec0-278fe76a2490,2026-06-02 09:22:13,CANCELLED,EAST
42dbb253-9c30-4911-84cf-18a523f1e5d5,ffc34582-42c7-469f-9cf6-fc08e27863df,2026-01-11 00:00:00,RETURNED,EAST
92b72549-dd1d-4867-9d59-b3ff61772261,119ce8d6-232e-4b7b-84f8-a16f5c6336d4,2026-04-25 08:22:13,PLACED,EAST
00535a56-a299-4a67-af60-42951bc5a761,a1f47d90-2b8f-4109-a181-71da86ecde6b,2026-03-20 00:00:00,PLACED,SOUTH
f9acb9c1-bf6e-4394-a898-ff47dee35154,19553e60-e2ad-432e-8c5b-e5dfd370aeb6,2025-12-15 19:22:13,SHIPPED,WEST
b3bc03f6-5da2-4916-8c77-7822ac1ebe18,90ddf404-9f4a-4dae-80a0-da2891c5957b,2025-11-15 15:22:13,DELIVERED,EAST
9d60a163-42d1-4531-b80e-2e536d7e7547,7b18cb81-676b-40b4-83f8-26d51a526a02,2026-04-20 05:22:13,RETURNED,SOUTH
beb37e16-5702-4c0e-bf3f-8e26fcc4b7c6,f0d6eaf0-5872-4499-aeb3-faa0668e74c5,2026-03-03 18:22:13,PLACED,SOUTH
56f946f0-c7a0-4258-9c10-36b085a52d30,d37abe2e-bb00-45e9-91e4-de435e492f5d,2026-03-31 05:22:13,SHIPPED,WEST
91cf9997-5236-42a0-a898-c499de1f2dbe,8413e6ae-bb8b-4769-982f-f5f6d61e1540,2026-03-19 16:22:13,RETURNED,EAST
6eebf650-ec56-4eca-b0bb-2f0554f02178,91850667-b059-4e5a-8eb0-ae5198f761c8,2025-09-29 09:22:13,DELIVERED,WEST
c8511229-477b-41cf-9057-1ae787a92d7c,39af90d1-80da-4f24-92b1-c018ff049990,2026-02-02 13:22:13,PLACED,EAST
67ef3940-d57d-4e0d-8c81-b71b0c3091e2,b544dcd0-41ff-4de3-b5cb-a2b5e6ae664a,2026-05-12 21:22:13,PLACED,SOUTH
b4f2dcec-d12b-4989-95f7-33f3833b8a35,b9f2f67b-143b-44fe-9bcc-4a78200fff54,2026-05-25 10:22:13,CANCELLED,EAST
7b8106e2-8267-4758-a571-9c83ac4acb6a,e10eb853-b0e2-4305-9d7f-9282e95cd473,2025-08-23 00:00:00,DELIVERED,NORTH
78a5b285-e0d7-4832-a2fa-94ce4586e9ba,5a313348-f39b-4850-8f84-2c38f8bf258c,2025-12-17 11:22:13,PLACED,EAST
ad86ad12-03f4-48b9-bc78-15fec6f3f69f,efdf9bcb-256c-4a7e-863c-4752b6c2ae66,2026-03-12 09:22:13,PLACED,SOUTH
ab5985e9-6fba-45e3-8cc8-67fc10ef136d,9a8c4259-d5b7-4601-af6d-91d887c3bbce,2025-09-03 06:22:13,DELIVERED,EAST
25c1b13d-e3a2-4a6e-9137-cff1ae9c40d1,00ca1b7a-2fae-4c65-8b45-3fcb4c41c567,2025-08-05 18:22:13,SHIPPED,EAST
6d61a03b-ddc2-44a4-8c07-4bc01a851f72,ab1f19d4-809d-4d32-89af-09308bf55429,2026-03-20 08:22:13,CANCELLED,SOUTH
502445b8-6466-4af5-b418-d392debbdcb5,c96006ac-60b3-4564-aec8-73219f86ec96,2026-03-01 16:22:13,CANCELLED,EAST
dee43db4-06ba-4c20-aa79-019c5dbcfc09,e0fdcd9e-022b-48bb-a229-2463965ff1fb,2025-08-15 00:00:00,RETURNED,EAST
149f2386-b6c9-402a-825d-0bb6b5ac3b91,0827ac14-ed50-4e30-bbd5-187b984284df,2026-06-22 00:22:13,CANCELLED,NORTH
801d4c7e-19ef-4ba3-82ff-e0a0ee797183,840c6a2b-508d-4e05-90cb-0d578122f63b,2026-03-30 00:00:00,PLACED,WEST
e75f0f07-ebd2-48ce-adb2-8db67f4c42c6,12e33fc0-437d-4a43-80e0-44ebbec9a2c1,2026-05-02 05:22:13,PLACED,SOUTH
51a427b1-8f12-4d96-8a83-0fd6645e6d12,3c41d387-38b0-470b-b359-e6eb77d32739,2025-09-01 13:22:13,RETURNED,SOUTH
21e33d8f-b89d-4916-8f26-449ccc2cd585,840c6a2b-508d-4e05-90cb-0d578122f63b,2026-05-02 04:22:13,SHIPPED,EAST
a3a8e69b-5621-4065-b995-6834f042952e,63b75fee-7cff-4496-9ea2-5b8c93a1e947,2026-03-11 14:22:13,RETURNED,WEST
09b20461-a6bd-4346-9de7-1fcf4d437a40,af6cbb05-b4a4-4e49-be76-e8f0904094ce,2025-09-07 09:22:13,PLACED,SOUTH
037c3e93-322b-41b7-8d81-11e4558377df,0067054e-b891-49c0-b3b1-247b49001194,2025-10-15 12:22:13,SHIPPED,WEST
b2acb851-d126-4406-b97b-c5a89c802d8a,3c41d387-38b0-470b-b359-e6eb77d32739,2025-09-17 00:00:00,PLACED,EAST
854497c1-8a17-456c-81df-effa24914d57,e7271058-a488-4a10-a7dd-95b55a3ed91f,2026-05-08 22:22:13,PLACED,NORTH
a478740d-0fd3-493b-83c0-f3bafb3cb267,a6e95005-124f-4395-8355-3ea70c868bf7,2026-02-27 07:22:13,RETURNED,NORTH
5c7f2598-ff1c-46ce-a04b-fec4ab593ab3,8947d1c3-e8e4-4e75-a564-33ad24ce5bc0,2025-10-18 08:22:13,CANCELLED,SOUTH
36dfb6b4-74e9-46bb-a035-05a202436f8a,c109ab53-0c24-4c44-8de5-74c5f391198b,2025-10-19 22:22:13,DELIVERED,NORTH
128b31c2-e645-432c-8281-a47845f2faf5,cba9a4e4-7c6e-4ae2-87ba-ba5b17c3c3e1,2026-02-04 04:22:13,PLACED,SOUTH
347bd641-0bb4-465d-a3e9-517f01fde714,75d7fca0-9f10-4d1a-ab02-0ec84531f2f1,2026-07-10 09:22:13,PLACED,EAST
0c189d61-51b5-4ac6-bf4d-240e7056d6d8,4187a7c0-89f1-4627-8fcd-32b8a5a614c8,2025-08-07 14:22:13,SHIPPED,NORTH
d477ff82-894d-40a7-97f3-f12607b68015,3248bb73-a8f3-46c1-a6ff-9458cd49a23a,2026-06-01 07:22:13,RETURNED,SOUTH
8fceec65-d6e0-41fc-b863-c4a9714d864d,fed55c65-2d2d-4edb-99ac-0b507cc4fd7c,2026-04-06 20:22:13,PLACED,EAST
68e6db82-7fb2-41cb-b49b-e90c733baf7f,a0c0973e-233c-4c2e-80d9-443ebe0c4478,2025-07-30 00:22:13,SHIPPED,NORTH
bb578085-570c-48d5-97b8-df4e34a5250d,c5c518d3-ed39-4744-9d91-49bd7d02fd49,2026-03-13 17:22:13,SHIPPED,EAST
4b81ed50-04d5-4f86-9ba2-ac32f0a5acf4,UNKNOWN,2025-09-12 05:22:13,CANCELLED,WEST
cd8bc169-fb0f-4ba1-b45c-ea617a7e5470,ec10030a-9092-40e7-bca8-3744a3d497fb,2026-06-18 15:22:13,DELIVERED,EAST
12aaf0da-69c2-4c91-9200-8a958273934c,ccfd466e-9ba9-4d71-890f-8e9a463b300e,2025-11-19 17:22:13,DELIVERED,WEST
355e319b-c74f-4880-8584-b5d676dc5649,6879d9f5-aa45-406f-b195-4000a0d4dccd,2026-04-19 03:22:13,DELIVERED,SOUTH
0df3188d-af8c-4eb8-9468-ffb2054f6a54,1033b90e-b71e-452a-8340-d2d8f47dd830,2025-10-06 01:22:13,DELIVERED,SOUTH
d935be41-c378-49ad-a82a-3561db56cfaf,UNKNOWN,2026-06-17 12:22:13,SHIPPED,WEST
56e251a8-b709-476a-935d-8487cbd0bf32,e02105fc-a45d-4dc1-a88e-9e00acb809a8,2025-10-18 21:22:13,RETURNED,SOUTH
b7aec59b-975b-4d08-8c4a-13be6cb07338,7ff158b5-cacc-440e-ae00-845c9c25df98,2026-03-05 23:22:13,RETURNED,SOUTH
95786a2c-5b1e-4b8c-816e-23126f0543c3,b8cd0870-8b5b-4cfc-97ab-f2c96d740e14,2025-09-05 16:22:13,RETURNED,EAST
28932710-f844-46ad-9db0-d4723f5485c0,f17e2d33-e097-43d8-8d92-1a8b2d850e18,2026-04-17 19:22:13,PLACED,SOUTH
472af691-a5a7-4d31-a6c5-5d932623db47,fed55c65-2d2d-4edb-99ac-0b507cc4fd7c,2026-06-27 00:00:00,RETURNED,SOUTH
0f7bfae0-ba34-4f6b-824f-9316f3b3ac98,3401c705-9e6a-425a-8f6d-8476fa7e22b6,2026-03-17 17:22:13,RETURNED,NORTH
f703d973-9d8c-4c3e-8232-34e0127f06e1,bd66f5e0-abca-478c-b25f-63d74ea25b36,2026-02-26 06:22:13,DELIVERED,NORTH
e4e8c3be-db2a-4f10-860f-d3fd9c4b3b09,98b0fb44-d9de-4c62-8d64-00ec48bfdf6e,2025-12-19 19:22:13,DELIVERED,WEST
465adb9d-5c5c-42ae-a440-54973692e358,f69bb38b-40c6-4628-97c2-053c0b07e3ad,2026-01-24 00:00:00,DELIVERED,NORTH
1bbadf87-5d2c-4dfe-bf64-bc9628d713a0,d320e9e3-1d70-47be-a1f3-24bb99b7164c,2025-11-06 00:00:00,PLACED,NORTH
4dbf41f2-190c-497b-9b65-feded3657fbb,6951a575-464c-43d0-91f6-53e7e07649f1,2026-02-13 07:22:13,DELIVERED,SOUTH
775dc260-0de8-4349-bfdb-8062d9b903ae,31c5d614-491f-4611-b105-12022c7ae8df,2025-12-07 00:00:00,DELIVERED,WEST
00ff8abd-f281-41c8-9326-7e473266491e,UNKNOWN,2026-03-06 00:22:13,RETURNED,NORTH
27e82a66-4d49-4b10-a956-8dc84637b1fb,edaabf4d-d66f-4f99-83f2-ac807e9b96dc,2025-08-29 08:22:13,SHIPPED,SOUTH
81744652-c444-4be9-a45f-1490b658afa4,e07b2516-9958-4106-8d30-3acbd3204883,2025-08-30 05:22:13,PLACED,WEST
1370ef3f-9072-435b-88f5-cb1cd12fc61c,1ad54a44-dc07-4140-ac88-66e04337c62f,2025-12-01 06:22:13,PLACED,EAST
250daff7-c37e-47ec-8e0d-59fb16a3967b,08d89b47-0471-4319-b065-60f21f4ca831,2026-01-08 16:22:13,PLACED,WEST
3a1af975-f743-4f41-ba81-2e8a01d71d2b,570baa10-8275-47b0-81aa-3ba3ee1717ba,2025-08-04 00:00:00,RETURNED,WEST
00492f15-6063-4463-8593-86b86497ce02,UNKNOWN,2025-08-02 16:22:13,SHIPPED,WEST
49a8ccea-5d74-4ab3-883f-6a31fcf1595f,76ecf6ed-ee6c-4cfd-a13d-f803ed78552b,2026-03-02 00:00:00,RETURNED,NORTH
2815f289-8792-4bcf-bdb8-90a70cb31557,68a2f28f-9582-4fec-bc91-f3616a6de8a2,2025-12-28 09:22:13,PLACED,EAST
c99c69e7-275c-4c9a-a77a-228d93151806,8d26d631-b82c-4617-9f9a-b5e94b79b2b3,2026-03-28 11:22:13,CANCELLED,WEST
e948f143-76a3-46cc-92cf-139d1b401542,e7271058-a488-4a10-a7dd-95b55a3ed91f,2026-06-09 19:22:13,CANCELLED,SOUTH
fefd6333-0ad7-4764-bbb4-4df7329e1fb1,bf8ec88a-1bb6-4b80-9aac-d1b21206e096,2026-05-22 00:22:13,SHIPPED,WEST
132be9f0-3318-4fbe-a31f-4ff154a3d8d3,2776ecbf-e1d8-42c1-ada5-3ec110e4c94a,2025-10-01 21:22:13,SHIPPED,EAST
f3bcd6c1-4534-4622-b60b-115e884bd9d0,c5c518d3-ed39-4744-9d91-49bd7d02fd49,2025-08-30 11:22:13,PLACED,WEST
39ee2a90-8a0b-482d-b0aa-bc1f18a6acb8,5a313348-f39b-4850-8f84-2c38f8bf258c,2025-10-28 08:22:13,SHIPPED,WEST
92ee59e7-74de-4cf4-9474-634926c3b632,3ac64af2-b1cd-4f97-9f3f-d7c22b2af47b,2025-12-01 07:22:13,PLACED,NORTH
dca5cdbb-1515-42cf-a830-b2599732e3ec,b544dcd0-41ff-4de3-b5cb-a2b5e6ae664a,2025-10-05 17:22:13,RETURNED,SOUTH
ed907b02-e3e8-4593-ac3b-8dce5290e1f9,c9651afa-9678-469b-b086-1ab7459e907a,2025-07-30 17:22:13,RETURNED,EAST
b3810879-129d-4caf-83bd-9d49ff89c5da,eb4ce51c-3cdf-4287-917c-be3148bd9210,2026-04-14 15:22:13,SHIPPED,WEST
472d45ec-c74c-4f1e-b901-7d8597521ebe,5d775f09-410d-4001-a7f8-da1a282e180f,2026-01-05 20:22:13,PLACED,SOUTH
dc6be988-add1-4f21-bfdf-59c0f3a5482c,66bcecf2-6a05-4536-8df6-1ff2c8ae00c0,2026-03-20 04:22:13,SHIPPED,EAST
5551f78a-41c6-4f97-9261-48200eccea87,efb289e3-b116-4441-a936-90089048062b,2026-04-02 19:22:13,RETURNED,SOUTH
b0e1c88b-1375-4c45-9d48-95fb3277e791,e3f7830f-2d06-417c-b5db-02229828a56a,2026-04-20 16:22:13,SHIPPED,WEST
5aeb1bd9-10c9-4021-a3b0-8e1ae334aab7,61009261-029c-4438-9136-96473be25e97,2025-12-01 02:22:13,PLACED,SOUTH
2f880c2c-1cd6-4f3d-8767-6f4b37a5d984,f69bb38b-40c6-4628-97c2-053c0b07e3ad,2025-12-15 13:22:13,CANCELLED,NORTH
29da7896-6624-4043-b597-09d60541978d,5420d28e-6029-4b53-b344-5dd4f77c2a52,2026-05-17 18:22:13,CANCELLED,WEST
2db5686a-b28b-445c-9c5a-b7df89d9e505,ddb9f502-08c5-4cbc-af2d-57d72e87ca31,2025-10-10 07:22:13,SHIPPED,WEST
38b61bf2-aaa8-4dbf-a990-3ec831ff3e06,102f57f3-3fbc-4e5e-a259-92be68163bf1,2026-02-06 03:22:13,SHIPPED,EAST
802ad261-7fde-419e-b56e-1958a40680bb,3401c705-9e6a-425a-8f6d-8476fa7e22b6,2025-10-17 09:22:13,CANCELLED,WEST
e20d165a-52cc-447b-b0da-53984f6aafef,d3c6c813-f376-4fbc-b97e-72a1d5ae8a3d,2025-10-20 21:22:13,DELIVERED,EAST
b8932f0d-8ef8-4c36-bb34-ac0cfad45f84,bf1aeb13-3644-49a2-b171-4c40f2b58504,2026-05-21 14:22:13,SHIPPED,SOUTH
94c4bafd-8c6a-4136-a8aa-9dfd666917cd,63b75fee-7cff-4496-9ea2-5b8c93a1e947,2026-02-21 20:22:13,PLACED,NORTH
24aabcbb-7e67-4c96-a656-69f323b79fd2,09a32786-5e28-4095-a458-f7e48d7f4db8,2026-05-31 00:22:13,CANCELLED,SOUTH
7ca0aec0-91a2-4d5a-b67f-55076639bb65,28a7200c-8d92-4293-9d43-cdf041a28829,2025-09-14 16:22:13,SHIPPED,WEST
4bbdc19f-f910-4d0c-881e-85756f2cec74,434fadeb-e1ae-4aa5-9a2f-a0469c306cb1,2025-12-21 04:22:13,RETURNED,EAST
54f898f3-c4cc-4651-aadb-cc44be15fac1,97374ce0-bf9e-4f55-8f14-75070bddad05,2025-12-17 00:00:00,CANCELLED,NORTH
67eb17d5-d283-409c-ac8f-6ff1d14c7f2d,2d612884-5aaa-40e1-bae0-9bb6e499b73a,2026-01-06 05:22:13,DELIVERED,WEST
e837f6cd-a3cb-4ee9-bcde-e408675fc01e,12e33fc0-437d-4a43-80e0-44ebbec9a2c1,2025-07-20 04:22:13,DELIVERED,NORTH
2702a341-3e9d-4cc3-a439-c9af37a5305d,e02105fc-a45d-4dc1-a88e-9e00acb809a8,2025-11-24 16:22:13,RETURNED,EAST
c0333713-f479-4e8e-a304-f92b5c54ec95,fc35fa3a-ae8f-454c-87b2-dcc7ab699c27,2025-07-19 00:00:00,SHIPPED,NORTH
32e7c7b6-fcd1-49a0-bdcc-9a10a8840a86,UNKNOWN,2025-10-26 00:00:00,SHIPPED,NORTH
f222322e-4c3f-4f03-a343-513b2c42f5d9,UNKNOWN,2026-02-10 21:22:13,SHIPPED,SOUTH
effc6739-8ed5-49c7-a054-99d1f9096743,4484a6b4-9756-444b-a41a-98158c543bfa,2025-08-18 12:22:13,CANCELLED,SOUTH
01ae88e6-6ef9-438a-9a86-c529adccb5d0,bf8ec88a-1bb6-4b80-9aac-d1b21206e096,2025-08-29 20:22:13,SHIPPED,EAST
c7f6bbe3-bd5b-44fb-9610-6a3972c2a970,c5c518d3-ed39-4744-9d91-49bd7d02fd49,2026-05-18 00:22:13,DELIVERED,EAST
b61cc278-165a-4b1f-83af-d5505300a1d5,44e544a9-8d9f-443b-b565-a9a04e030301,2026-07-05 04:22:13,CANCELLED,EAST
715199d7-e186-4bc0-8589-706292d6426e,3ab9dc1d-2d15-462e-9f8a-224e50835456,2025-10-23 18:22:13,DELIVERED,NORTH
75f259e0-ff9c-45d8-a730-626af176cd27,65514ef4-9334-4b16-8fbb-1821c934c330,2026-05-23 00:00:00,PLACED,SOUTH
593be9c8-0643-42ee-8c20-82aa11b497d0,5d914bf5-1433-441c-a22a-6b25378aa050,2025-12-22 11:22:13,RETURNED,NORTH
503cfd22-4731-4369-8d0a-c42cacd94792,9ee6dcdd-c988-4b6c-b867-b545e211a1aa,2025-11-21 03:22:13,SHIPPED,EAST
b366c487-d168-4369-ac2b-2dccbd5d3c6f,f2cdac83-f96b-40c3-9a63-e5c91d990740,2026-05-27 04:22:13,PLACED,SOUTH
f879b34e-da8c-4a46-8494-d971dd7a2e26,ff66cb93-4da2-4cfe-9e04-381fc628b6cb,2025-09-20 12:22:13,CANCELLED,EAST
38a792b8-d64c-4c06-82a5-08bd8d75100c,b2acf011-4202-4c6f-a5a2-27c5bbf8817d,2026-05-22 07:22:13,RETURNED,WEST
cfcf70c5-c496-467e-97e4-89f6bef22c04,b7ac5d93-5362-4439-a721-f92bd6d9d32e,2025-07-19 16:22:13,RETURNED,SOUTH
77dc43da-c190-4125-9f63-aef76e95fc39,eb9db1fc-27be-4e33-982c-438299d05904,2026-04-30 23:22:13,CANCELLED,EAST
e52b7dba-80a3-45b8-8ecd-4474daa4768a,4381b10e-b937-4077-a9f4-af19242ee189,2026-02-13 14:22:13,RETURNED,NORTH
697a61b7-e92f-499f-a813-79bc38753e84,9f522c76-c431-4a68-bb83-e211d6331a7f,2025-08-18 01:22:13,SHIPPED,EAST
a04b0e46-ca68-466e-84f7-8129918bd665,aa7d2ab0-95b3-4b80-afe4-f360e1018726,2025-11-26 18:22:13,DELIVERED,WEST
64723236-4ef4-44ed-a785-7d85ba56d0f5,362d07ce-ff3f-4db8-9fbb-17cd635386d1,2025-12-05 22:22:13,CANCELLED,SOUTH
82c3b982-2b47-4180-9819-ce58e92e61cc,05de0f35-6fa0-4074-86d6-98bd2cccd7bb,2026-07-08 05:22:13,PLACED,NORTH
b201a44e-5850-481c-97b8-8833b2b37079,cdaeb6c3-ffd5-4da7-ba8c-cc4ccfe0ad83,2026-05-09 13:22:13,PLACED,SOUTH
4f282601-b19d-4f4d-b297-7ba4612d593e,5d912c6e-aa22-4ab4-8015-817e2a8b6586,2025-10-18 08:22:13,RETURNED,WEST
e3b22e15-f849-498d-8535-ed6a37ca3e2d,8d26d631-b82c-4617-9f9a-b5e94b79b2b3,2026-02-25 01:22:13,SHIPPED,NORTH
2633490b-af9f-460e-bde3-aa4347794b3e,7e2b43f9-a4b5-46e6-b66d-58848848f971,2025-12-25 13:22:13,SHIPPED,SOUTH
ce326a83-81c3-4fb6-adfa-f4feda37080a,639e3af9-2b71-41d4-9bbc-3ecedf85e8fa,2025-09-30 15:22:13,PLACED,NORTH
83d3f430-c7ab-4f8f-872b-5a55d97a844a,ab1f19d4-809d-4d32-89af-09308bf55429,2026-06-15 08:22:13,SHIPPED,SOUTH
ae26db73-a035-40f5-97cb-30d85cc458cf,be555611-7026-4dfd-b4e2-bf8be1d6ca97,2025-07-29 17:22:13,CANCELLED,EAST
9e679648-dea4-4523-9e21-7bcab3c4d94d,e0fdcd9e-022b-48bb-a229-2463965ff1fb,2026-05-03 22:22:13,PLACED,NORTH
2b890d67-ff1f-40b6-bf0e-f771ec27b22f,e5d426cc-19ad-452b-9650-091377e4bbe3,2025-08-26 20:22:13,RETURNED,SOUTH
d391ff81-b1fd-4f08-b547-f73547e44e07,7b18cb81-676b-40b4-83f8-26d51a526a02,2025-11-21 00:00:00,SHIPPED,EAST
6444bfe2-1255-41be-99f8-f6a31491ac4e,b2bd0a95-ad22-4fae-8832-3ff0601dbd4f,2026-02-28 16:22:13,PLACED,WEST
0ce2d6bc-d294-4386-8f1b-0877879d21b9,4376002e-1341-44c9-818f-f35051f125b3,2026-04-01 03:22:13,DELIVERED,WEST
21545dab-f380-48c9-b61b-45d39fa0e9dd,6bd2d23c-ef33-4a44-8958-94db2c5b56b0,2025-12-08 14:22:13,DELIVERED,SOUTH
1c7f6457-e394-4da1-8037-5f378369b3b0,75485ec3-5d00-4e02-a006-905fdef12738,2026-05-18 05:22:13,PLACED,WEST
d945154f-92e6-446a-b93c-2909daadaaa1,12ccbc53-c99c-48ff-8f95-82f34b3d446c,2025-12-01 10:22:13,DELIVERED,WEST
8d59d30b-483f-48fc-9fb4-1706783c5b6f,3b5d5d80-ae06-413b-a5ad-283f57d3d124,2026-05-24 00:00:00,DELIVERED,WEST
3a66b234-2044-42d7-9ac0-de2a400e5c46,61f8cac8-004c-40e2-8c15-24d4f82e55c9,2025-09-12 00:00:00,PLACED,EAST
a7820f06-eb04-4d7e-86b9-74418ff2a459,cf563fde-5466-4ceb-869c-f480c1352dbb,2025-11-18 00:00:00,SHIPPED,SOUTH
a0f504f8-7a11-4ef8-afdb-141eced20459,31c5d614-491f-4611-b105-12022c7ae8df,2025-10-05 15:22:13,DELIVERED,SOUTH
8aba95be-d598-44b3-9258-d8e5d3ea494a,147ed37a-3113-4335-92f3-ec0f93cbfddd,2025-09-30 02:22:13,CANCELLED,EAST
ff9e1b72-b242-4d93-b2b0-712d04346fe3,76ecf6ed-ee6c-4cfd-a13d-f803ed78552b,2025-08-28 02:22:13,DELIVERED,WEST
c8fa7abe-ebf9-499f-ba59-2c3ed65c88c9,5d914bf5-1433-441c-a22a-6b25378aa050,2025-11-12 19:22:13,PLACED,WEST
72a3784f-4bb6-4427-850d-0abffd6d0d04,f0659895-42ee-49fe-91e0-788d4a121958,2025-11-24 18:22:13,DELIVERED,EAST
044c3955-20df-4be1-b5e5-a13997bf4741,a5ec7cf2-191b-4254-9ca8-3a94318b2ac9,2026-02-18 22:22:13,RETURNED,SOUTH
b30c4667-c55c-4be4-b44a-ce143870d1b2,UNKNOWN,2025-12-25 04:22:13,DELIVERED,WEST
714b1178-d421-4322-82a6-ace538353f92,eb03bf88-e6aa-49e7-b2e2-a0d61c6fa8a4,2025-11-16 09:22:13,RETURNED,NORTH
bef6eba9-f5a3-4a1c-a444-7802874e6e55,e5f98d1a-28c7-4b84-ab05-924923f16fd5,2026-01-05 06:22:13,PLACED,SOUTH
97054e77-3cc1-42fb-abbc-65897dba1754,db733dab-25cb-49c0-bd12-291499708dec,2025-08-03 13:22:13,CANCELLED,NORTH
ba554568-5ab8-4af5-a57d-c789fd3c0ae3,77e4acc4-a04c-4276-b781-038354c026fa,2026-04-08 18:22:13,DELIVERED,SOUTH
40f0adf8-2a56-49fc-a918-bf5c52b19a88,87ae4dea-ed5d-46c3-978b-3d55828cb107,2025-07-16 21:22:13,PLACED,WEST
0e7fdb49-21b6-4093-8b0d-dccba82882ec,eb9db1fc-27be-4e33-982c-438299d05904,2026-04-11 21:22:13,DELIVERED,WEST
f25b6f6c-9d5f-46e3-8cbb-a58d54c0bb59,6e59b763-29f4-41c1-9ebb-f1e79e1a8262,2025-12-15 20:22:13,SHIPPED,WEST
0e6d4f6e-98d1-49a3-bb14-3395d7277745,f83f7f6f-74ec-4c46-843a-4bf7b1ee12a9,2026-03-28 18:22:13,RETURNED,WEST
400c9318-b7ed-4d82-ab97-23764f5f8a37,e1bfadd8-b39e-4037-b624-f3a95dfde5a6,2026-04-03 00:00:00,PLACED,NORTH
b0761cb8-6876-42cb-991b-313029d90269,f4121d73-73c7-42d8-853a-f3a524bc37d3,2026-03-24 01:22:13,SHIPPED,SOUTH
d165ecaa-074a-4c09-8654-ddd48aad3725,b3e36eb5-4f7e-4ccf-b7ba-469f78e1936d,2026-04-16 00:22:13,RETURNED,EAST
20c453c8-890b-433f-807b-d99ab1cf6d5a,4128d9fb-5d8d-4fdf-883d-7d91d3b4805d,2026-05-14 13:22:13,DELIVERED,NORTH
0bea9a81-98d9-491b-9de5-f976796475c4,4f6dd429-e225-4d71-947f-a71a71e18dd2,2025-10-27 07:22:13,CANCELLED,SOUTH
90269ff0-6f47-41b4-82e1-7a5989c01441,2b196ed5-804b-43cd-9e24-fc033b7d8a59,2026-04-08 00:00:00,PLACED,SOUTH
4aceddbe-0e14-4c48-8cd5-efa6f57eebe2,470a569a-bc6a-4882-bb15-52f35bd01b56,2026-02-06 00:00:00,CANCELLED,NORTH
3edd100e-31d9-4a0a-8dc9-5c68a4b1ef28,ec10030a-9092-40e7-bca8-3744a3d497fb,2025-10-06 18:22:13,DELIVERED,NORTH
56a70384-6b75-4023-bd11-ef880677962a,6951a575-464c-43d0-91f6-53e7e07649f1,2025-09-30 15:22:13,RETURNED,WEST
a089ed54-4478-4bef-a0d5-2759b07a7965,3539add4-661c-437d-8a9b-912f3907ceef,2026-04-25 00:22:13,PLACED,EAST
96fbc782-e296-4b5d-a69b-fa62600f26a6,3248bb73-a8f3-46c1-a6ff-9458cd49a23a,2025-12-22 11:22:13,CANCELLED,EAST
8e838f00-e255-4210-b781-71cd7c96c6bc,dd3a044c-051c-48e1-9aee-874940fae340,2026-02-19 10:22:13,RETURNED,SOUTH
d20b499a-97db-4e18-8cec-b09d0f8affbc,629a1d53-9442-4e3f-92aa-d2a0e9ac9cfb,2025-07-19 05:22:13,CANCELLED,SOUTH
26813b85-b696-41bd-a2cf-16784caf8429,f1cb62e9-1f11-4335-9892-d7ca8f78a656,2026-01-03 00:00:00,CANCELLED,EAST
1a1de562-23c4-4037-81b5-5f0ba285d61d,97374ce0-bf9e-4f55-8f14-75070bddad05,2026-01-05 03:22:13,DELIVERED,EAST
cb0add71-8b13-4a95-ade2-5f627e88443f,72eb6b00-de8a-4546-9311-498c8c6ff5b8,2025-10-04 09:22:13,DELIVERED,WEST
b3450ff0-16b7-4652-8611-b6411e225d58,deba1906-48d0-4aab-b9e8-d2e301238806,2025-10-26 04:22:13,RETURNED,SOUTH
06deae20-c147-4e72-9f6a-5a87d2adc39c,99b21a83-9724-4ab8-bc97-fe18bf475d6f,2025-12-19 21:22:13,CANCELLED,WEST
b634c9d3-c41e-4c1e-bc76-e24d1f3fa531,UNKNOWN,2026-07-16 07:22:13,SHIPPED,NORTH
e94bd465-f4b0-477a-bfa9-a15872a983a2,3b5d5d80-ae06-413b-a5ad-283f57d3d124,2025-09-08 06:22:13,PLACED,WEST
1af5cff2-5bf6-46aa-ae43-a624a053d60e,2b204949-d8ec-4fb4-abf2-1e93faee8216,2026-03-10 00:00:00,RETURNED,SOUTH
72ca9ac6-665a-4b5e-b952-035abc742a7e,1aa76b4e-1c78-432f-a2d4-8c919181cc13,2025-10-13 09:22:13,RETURNED,EAST
ef7250d2-d6a6-4826-b9b7-8ceb03c52989,UNKNOWN,2025-09-03 00:00:00,SHIPPED,SOUTH
51e58671-0292-413a-943f-802ff481b08b,af6cbb05-b4a4-4e49-be76-e8f0904094ce,2025-09-29 13:22:13,PLACED,WEST
e5772dee-a69e-431d-8653-1d6e91521148,5d914bf5-1433-441c-a22a-6b25378aa050,2026-05-05 00:00:00,CANCELLED,NORTH
ad49e7c1-b185-43b3-aff0-fd915f86f068,fe130ece-d34a-4a7e-ad6c-a78e6a1754f1,2026-01-12 15:22:13,PLACED,EAST
9a757493-3de2-4366-b7e8-2d5fdd3edb85,3d52e44d-b38e-4914-a37e-1f5900bf5ae8,2026-04-03 16:22:13,CANCELLED,EAST
3000f71d-7895-48c3-adac-557af8e41deb,4483cf96-e759-4c77-9749-97d18400571c,2025-08-01 18:22:13,CANCELLED,WEST
ecddd676-950b-4d6a-be83-e9616fe3ae44,88670530-a362-4369-85f4-accb2f6c1e1a,2025-12-11 00:00:00,DELIVERED,SOUTH
a08b2d5c-1517-4bfc-8a03-847b562eb703,d67077c0-8899-4fc3-97fc-e211713f2948,2026-04-06 16:22:13,PLACED,SOUTH
1106b18f-d2e7-4a1e-83e3-42a644eff2ca,UNKNOWN,2026-03-18 18:22:13,CANCELLED,NORTH
573d5a54-036e-429d-a1e0-3194529f8e30,6ee485a9-2410-4e63-8981-ddb4090044d9,2025-09-14 07:22:13,RETURNED,SOUTH
c4202af4-0aef-40ec-8b4f-4c76e2ada080,UNKNOWN,2025-11-24 14:22:13,RETURNED,WEST
09cf5f23-c8d5-4f7c-8555-4e4bbdf6d264,6879d9f5-aa45-406f-b195-4000a0d4dccd,2026-05-23 16:22:13,DELIVERED,WEST
33fd1d4e-ad11-4859-a683-a63db6daa70a,UNKNOWN,2025-09-23 06:22:13,SHIPPED,NORTH
bd27e026-fad2-4501-b9b3-7d3e7f6c678d,d6d1bd9a-d5f5-4691-9f78-be65d8d98ce5,2026-04-17 16:22:13,PLACED,SOUTH
fcb25a67-ccf1-48b5-9c93-149e44b94ac5,25344371-347e-4629-b195-e8e71a64e301,2026-04-29 06:22:13,PLACED,WEST
6a4e6b07-a15b-4406-8563-4aee8f2886dd,4f3c403f-850e-449c-8ebb-7fe7d69f12ee,2025-11-07 00:22:13,CANCELLED,EAST
d4685370-8ba0-4bb6-9093-52c49a133106,c44edcd3-1e73-457e-ab54-76e82812b72e,2025-11-28 18:22:13,CANCELLED,SOUTH
f15163d6-bfcd-429a-87ce-27bbd6f3a8b6,63d869c5-9d25-4a44-a4aa-3da83e4be811,2026-03-21 11:22:13,SHIPPED,NORTH
4a596830-b000-4e9b-8a1f-57316ca60e73,a1f47d90-2b8f-4109-a181-71da86ecde6b,2026-05-04 00:00:00,DELIVERED,NORTH
26839c1e-fd44-4906-a2f3-493a5ff442bd,e07b2516-9958-4106-8d30-3acbd3204883,2025-08-02 00:22:13,DELIVERED,WEST
05eeaf06-ab31-4e43-ada0-3f88b20f09af,c6aa5dae-01ca-4e16-a5cc-c687e0ae4a8d,2026-01-14 22:22:13,SHIPPED,SOUTH
78da7905-b271-4087-9b58-c97a46392592,25d0941d-0163-482b-8b12-6a9ff44c3915,2025-07-24 19:22:13,RETURNED,SOUTH
c6b64c3c-9f4e-4664-8de8-efb464d1b258,89e275a1-17cc-4d68-992c-84f3ef351c63,2025-11-03 05:22:13,PLACED,WEST
41545ae3-f5d1-499e-8aeb-5fbfb4b2a8cd,UNKNOWN,2026-02-20 18:22:13,CANCELLED,SOUTH
13439b5a-804f-4ff4-b426-feef58f911f1,f53d4f4d-e6c8-4283-b55e-93e5d89aac8a,2025-08-05 00:00:00,PLACED,NORTH
01fc2bbd-ea73-4f9d-9e12-726e5b13dfb9,0ff83a7c-d83f-4e45-8ee8-faab2ac9a979,2026-05-16 00:00:00,PLACED,EAST
1ba3c840-3d12-4874-8385-2ea03bc7e79e,551f290f-f5a8-429d-a2a8-85ded1bf9348,2025-11-07 08:22:13,RETURNED,EAST
b2c2a1bb-d87c-4ab7-8ac2-556d5fc4460f,5a313348-f39b-4850-8f84-2c38f8bf258c,2026-07-06 00:00:00,DELIVERED,WEST
840b691a-6101-4746-92d5-3a824ddc2bab,dd3a044c-051c-48e1-9aee-874940fae340,2026-04-28 05:22:13,CANCELLED,SOUTH
91287ede-9cd2-47e9-985d-07f39ccc72a7,f83f7f6f-74ec-4c46-843a-4bf7b1ee12a9,2025-08-01 22:22:13,CANCELLED,WEST
2923b396-623e-48c1-bb99-77eb5626d7fa,34058e1a-64e5-45c8-b904-8d2553c4eeb8,2026-04-03 23:22:13,SHIPPED,NORTH
37d3c0a6-be75-4ed7-aaef-12bfb7611e6d,1aa76b4e-1c78-432f-a2d4-8c919181cc13,2026-04-04 14:22:13,CANCELLED,SOUTH
e503f3ad-d6e8-4381-8970-f4a359b7b0c6,7a0e978c-0062-4158-a604-57d407c4cbd6,2025-10-30 09:22:13,SHIPPED,SOUTH
b601841d-bdf3-4b72-9fe6-92444496e381,4f3b0a02-9ffc-4330-bbbe-6c2569796b02,2026-02-06 19:22:13,DELIVERED,SOUTH
2e40afc6-bcf5-4792-bbab-c6fb8b3570ca,0827ac14-ed50-4e30-bbd5-187b984284df,2026-02-14 13:22:13,DELIVERED,NORTH
50d2a82b-60a1-404e-b829-1c6033513401,UNKNOWN,2025-12-17 23:22:13,RETURNED,EAST
f7099dac-07db-4f41-af4c-24d3aee15f95,6b5c93fc-62e0-4457-9934-702a2684e09b,2026-04-25 01:22:13,DELIVERED,NORTH
265cdeb3-1249-4180-8589-5f5410ed8750,dd3a044c-051c-48e1-9aee-874940fae340,2025-07-20 10:22:13,RETURNED,NORTH
b6183769-b4a0-4ec4-abb1-2fe7031bbb5a,1f02f788-38cd-47b9-b9e6-f1f06a8e8a9c,2026-05-28 22:22:13,RETURNED,WEST
b8d0a705-46ac-4f83-b868-7fa20bf5aa4d,9c24661c-3eae-498d-890c-0e94f3dc1ee5,2025-11-07 22:22:13,RETURNED,EAST
a09e3267-7a3b-4a04-b900-2533c796b900,UNKNOWN,2026-04-05 12:22:13,RETURNED,WEST
ed4fdde5-51d8-4711-848c-1393d110dbfa,102f57f3-3fbc-4e5e-a259-92be68163bf1,2025-10-31 07:22:13,PLACED,SOUTH
7447a485-ad0a-4056-8cf8-4b76b3448c00,959f24a6-5730-4b4d-979e-3069c04b4eae,2026-02-02 04:22:13,CANCELLED,WEST
ae48a68d-574d-4051-9dfc-7b34e90a0350,19e52d57-14cd-4f84-a2aa-dfe8c97a4b01,2025-08-22 20:22:13,SHIPPED,NORTH
21ed7440-3ff6-416d-9bec-f20d60eace69,693f83d6-ef55-4779-921d-34ab253660eb,2025-10-27 00:00:00,SHIPPED,SOUTH
abe36625-8a6d-472c-8292-bce813cac6ff,2d612884-5aaa-40e1-bae0-9bb6e499b73a,2025-08-13 02:22:13,DELIVERED,WEST
98e50d24-e87a-4345-8b76-c3bdcf07f07a,65514ef4-9334-4b16-8fbb-1821c934c330,2026-01-02 12:22:13,CANCELLED,SOUTH
2177ee5d-5b03-4252-b808-5a265400eb1e,728bf4ae-ff12-4e28-a591-cff19e061ee9,2026-06-11 22:22:13,CANCELLED,SOUTH
8d43e14b-a412-438f-a395-e3fb0dbe5e74,a5ec7cf2-191b-4254-9ca8-3a94318b2ac9,2026-04-14 12:22:13,DELIVERED,NORTH
9b5408af-7556-4e48-abd7-c441059d25a7,a6e95005-124f-4395-8355-3ea70c868bf7,2025-10-30 19:22:13,DELIVERED,WEST
9cb5dde4-25d9-4dcc-b27c-a79465a2978a,e07b2516-9958-4106-8d30-3acbd3204883,2026-02-25 20:22:13,RETURNED,EAST
0e5725ad-2cfa-4b1c-83a7-a9af5fd82fd8,d4de8f48-17a7-4f1b-ac2c-925815bf7440,2026-05-07 00:22:13,PLACED,EAST
abfa958b-5353-4cf7-a7ca-a7f80ed9d52d,c94fe723-a257-4fe2-84da-4703538d801f,2025-10-26 00:00:00,RETURNED,NORTH
0c2cb6e6-a070-4b84-8143-0c55197a7801,dfd3c907-4dad-4b3f-823a-c76b15c5f195,2026-04-19 08:22:13,SHIPPED,SOUTH
ff5381d3-db15-4384-88b3-cc6cfdc94946,414becbc-92e5-4f94-811d-6c183a4ecc28,2025-09-08 04:22:13,DELIVERED,WEST
7adb3788-de62-4733-b1ba-9140832510d3,7e30ecb6-3e40-4e6a-bf3d-cb726f32f77b,2025-10-26 23:22:13,DELIVERED,EAST
c80bb2c8-8cfb-42cb-935c-8c2b00177d43,c8c8795a-425a-4202-9964-b8a9f350ff52,2026-02-18 23:22:13,DELIVERED,EAST
5c53a7f6-c91f-44eb-bda1-3f3cb18ec134,fed55c65-2d2d-4edb-99ac-0b507cc4fd7c,2025-07-20 14:22:13,RETURNED,SOUTH
2da3cdec-82ff-4a23-a6fa-bd458dca2faf,UNKNOWN,2026-03-11 11:22:13,SHIPPED,SOUTH
53ddd746-440d-4a3a-aded-4ce6c24f3264,34542857-1729-4a36-9ab4-98e7767f3534,2026-05-03 17:22:13,RETURNED,SOUTH
4488279f-8993-45fe-a749-47baeb014bdc,027bce4f-a515-4aee-a9d4-f7a583749878,2025-12-29 06:22:13,SHIPPED,SOUTH
244bcc14-d684-435e-91b1-411a74b3c94f,1e388b85-1dd5-4114-a706-3f4753719194,2026-02-06 22:22:13,DELIVERED,SOUTH
f18f787e-a54a-498a-b90a-1c6f515891c5,7b18cb81-676b-40b4-83f8-26d51a526a02,2025-07-19 00:00:00,PLACED,EAST
82f6f117-e72f-4bd7-a69b-594b4ad0a5c4,8a6b1cb3-ec81-479d-9da6-7a2f030ef697,2026-02-07 14:22:13,RETURNED,WEST
0caae870-0cfd-4471-a927-36b367ce5e7b,cb561ec0-5981-4bc7-b457-07c9feadc341,2026-07-06 03:22:13,PLACED,EAST
040eba0f-707b-4b88-9c47-4ae5aef145cd,42fecbb7-3d7d-42db-a02c-a5666a3c1e50,2026-01-06 19:22:13,SHIPPED,WEST
c329b65f-073e-433b-b575-705f2c8f3fda,1f02f788-38cd-47b9-b9e6-f1f06a8e8a9c,2025-09-15 14:22:13,DELIVERED,NORTH
5a81ebbd-8ba4-45fa-a7ce-74527232603e,e1e09511-935e-4380-af89-5330e6734202,2025-08-30 20:22:13,PLACED,SOUTH
8a29e275-cff1-4e0a-b8ce-0f4e196bb588,4202e260-c4de-4795-b0b3-e218d511a66c,2025-09-03 19:22:13,PLACED,SOUTH
21d69008-f21b-4055-9979-22eaf9cfa95c,UNKNOWN,2026-04-21 04:22:13,DELIVERED,SOUTH
53ba4e24-5f30-447c-a393-1ef7d0f5c5ce,0ce4f220-e664-4e32-831c-91917bc93a93,2026-04-07 00:00:00,DELIVERED,SOUTH
e83bd542-a148-4993-948d-daffe5ff726b,e1e09511-935e-4380-af89-5330e6734202,2025-10-06 08:22:13,RETURNED,NORTH
37789fd0-a67f-442d-b265-7c8373e04f19,cdfe3ec7-0084-4263-aeee-1b35e678da2e,2026-02-02 18:22:13,PLACED,NORTH
d007381d-e8f5-4515-8f6c-f459f62e8667,102f57f3-3fbc-4e5e-a259-92be68163bf1,2025-09-01 00:22:13,SHIPPED,WEST
ed3424e4-2be4-4905-82d3-f3e4d77aa926,c109ab53-0c24-4c44-8de5-74c5f391198b,2026-07-07 10:22:13,RETURNED,NORTH
e983a491-6db7-49c6-8d74-6769fef20c0e,35bb1c80-b283-44f8-9e58-14734a7c5b27,2025-08-20 04:22:13,DELIVERED,NORTH
a9d80da1-be3f-4aa6-8b15-414ea0cb28b6,d6739890-8fa0-4359-bb2b-989c777a2360,2025-09-11 16:22:13,CANCELLED,WEST
e4fac1ca-ce1b-4554-b015-bf90f19ff152,fed7b1d6-53c8-4d61-b6e2-40fd70d881ec,2026-04-17 09:22:13,CANCELLED,NORTH
a09454d9-3044-4b79-b755-b169e60dc85d,522f9bc0-0cc9-4897-9b62-dfbcaac138db,2025-11-18 04:22:13,SHIPPED,SOUTH
23a09689-e455-43ec-a6e6-d97dd44ac258,78fae74e-2122-4a73-a1dd-3bcbc3752072,2025-12-13 21:22:13,RETURNED,NORTH
931a534f-7014-447c-b97d-6f7dbfce5ebd,b5f1d471-5d83-466d-8acd-081a2f084ef2,2025-09-10 12:22:13,PLACED,WEST
0feb3f96-8de4-43b2-ab72-289a44f610f7,8a6b1cb3-ec81-479d-9da6-7a2f030ef697,2025-09-24 09:22:13,SHIPPED,SOUTH
e2a34ef0-1a27-494b-b189-fc017156eda7,0b96f560-69ac-4436-b49a-eec58197c00e,2026-06-27 06:22:13,CANCELLED,EAST
2cc5fa94-c087-454d-a3bf-f7ded65f14e2,f1cb62e9-1f11-4335-9892-d7ca8f78a656,2025-10-10 12:22:13,PLACED,EAST
85686533-7a59-4a5e-af91-4146201fd75e,5d912c6e-aa22-4ab4-8015-817e2a8b6586,2025-07-18 22:22:13,SHIPPED,NORTH
899d4940-529b-4318-982a-3bd8e5a79d09,5df52d38-821b-4406-b484-c16d150380fe,2025-07-24 08:22:13,SHIPPED,SOUTH
50ff74ad-e95f-46cd-a778-e05bf63dc90a,b95a7507-cba6-444e-a605-652cb77cad52,2025-09-17 05:22:13,RETURNED,SOUTH
3c4c3892-ab59-4faa-b159-da25314306f6,54fe5550-7124-4bc8-8279-60709fc5c4b6,2025-07-31 18:22:13,PLACED,EAST
017f5abd-30a4-4042-83e6-d0c39148c958,c94fe723-a257-4fe2-84da-4703538d801f,2026-03-03 00:00:00,DELIVERED,EAST
efe3e29f-8cd7-4a1e-bb37-8b926c4e3c9d,6879d9f5-aa45-406f-b195-4000a0d4dccd,2026-02-02 22:22:13,RETURNED,NORTH
