customer_id,customer_name,email,registration_date,customer_type
ab1f19d4-809d-4d32-89af-09308bf55429,Customer 0,customer0@example.com,2026-02-01,PREMIUM
14771880-6a60-403f-b5bc-e910f4d1a25a,Customer 1,customer1@example.com,2024-08-05,VIP
20364cbc-d319-41bb-a95b-1bfd792d1711,Customer 2,customer2@example.com,2025-01-22,VIP
31c5d614-491f-4611-b105-12022c7ae8df,Customer 3,customer3@example.com,2024-12-11,REGULAR
0ce4f220-e664-4e32-831c-91917bc93a93,Customer 4,customer4@example.com,2026-01-28,PREMIUM
2ecb3d42-4cd6-4985-956a-9358aedba620,Customer 5,customer5@example.com,2025-06-12,PREMIUM
5d912c6e-aa22-4ab4-8015-817e2a8b6586,Customer 6,customer6@example.com,2026-01-31,VIP
77ae4357-bc47-4540-8e9e-ded0897044e3,Customer 7,customer7@example.com,2024-07-25,REGULAR
cc820fbc-47b7-4242-bd0a-016020f5ceab,Customer 8,customer8@example.com,2025-03-18,VIP
eb4ce51c-3cdf-4287-917c-be3148bd9210,Customer 9,customer9@example.com,2025-10-26,PREMIUM
4dfbeba8-0c0a-4dca-8634-44f8ccbb1f11,Customer 10,customer10@example.com,2025-02-16,PREMIUM
39b75f2d-c063-42ad-bc2b-2c95af9423d8,Customer 11,customer11@example.com,2026-01-20,VIP
a86a366b-fca3-45b9-804a-6861b909c24a,Customer 12,customer12@example.com,2024-06-15,VIP
be4d7b8c-b667-4767-9e5d-532b32eb2d1c,Customer 13,customer13@example.com,2025-07-21,PREMIUM
9d40bde5-95a4-4f30-93ef-ad4e3e79df48,Customer 14,customer14@example.com,2024-02-07,PREMIUM
c29b9f8b-de56-44d1-bb8c-3d9ea5189a62,Customer 15,customer15@example.com,2024-04-06,PREMIUM
4187a7c0-89f1-4627-8fcd-32b8a5a614c8,Customer 16,customer16@example.com,2024-12-16,PREMIUM
9c0b5caa-6c09-4c74-85fd-44ed3b530039,Customer 17,customer17@example.com,2025-06-06,VIP
a6b357c6-5bd7-4cb8-8dfa-a07420d40108,Customer 18,customer18@example.com,2026-02-14,REGULAR
a5ec7cf2-191b-4254-9ca8-3a94318b2ac9,Customer 19,customer19@example.com,2025-04-30,REGULAR
0cd39b47-4239-480b-a6f9-87c511e8d2e4,Customer 20,customer20@example.com,2025-11-25,REGULAR
361f7424-08dc-4e56-981e-5c20c2f13b09,Customer 21,customer21@example.com,2024-07-04,REGULAR
e4098b93-c337-44a7-869e-c57af4a67c44,Customer 22,customer22@example.com,2024-03-01,PREMIUM
3138a6b9-2b09-451d-888d-4db01d417b08,Customer 23,customer23@example.com,2025-07-21,REGULAR
7e30ecb6-3e40-4e6a-bf3d-cb726f32f77b,Customer 24,customer24@example.com,2024-04-24,PREMIUM
b307b4d8-0fb4-430a-af5c-037629500d53,Customer 25,customer25@example.com,2024-08-20,VIP
8a6b1cb3-ec81-479d-9da6-7a2f030ef697,Customer 26,customer26@example.com,2024-06-09,VIP
32a0464c-d3c1-4418-a0e9-cd95853b38c2,Customer 27,customer27@example.com,2025-12-07,VIP
d015fbb1-b804-4911-be61-8e9869a7cdfa,Customer 28,customer28@example.com,2025-08-25,REGULAR
6970eea0-373f-49a3-a513-538ca834a6fd,Customer 29,customer29@example.com,2026-01-17,VIP
99b21a83-9724-4ab8-bc97-fe18bf475d6f,Customer 30,customer30@example.com,2025-06-19,PREMIUM
1aa76b4e-1c78-432f-a2d4-8c919181cc13,Customer 31,customer31@example.com,2023-12-13,VIP
fd79e6f6-f315-43c4-a69a-e996a306259c,Customer 32,customer32@example.com,2024-02-12,REGULAR
10879ea9-d05c-4969-8693-54e5769c6922,Customer 33,customer33@example.com,2024-05-09,PREMIUM
eaa09e5e-f1fc-4a19-8ba4-79bfaf187308,Customer 34,customer34@example.com,2025-05-23,VIP
5d4a6720-86d8-49e7-8e38-d68ec8a7c104,Customer 35,customer35@example.com,2024-01-01,REGULAR
72997a86-8d27-4d5c-8800-dac7bbe427bb,Customer 36,customer36@example.com,2025-02-27,REGULAR
6741736c-927f-4323-adfb-72873fe1af84,Customer 37,customer37@example.com,2024-08-22,VIP
7b18cb81-676b-40b4-83f8-26d51a526a02,Customer 38,customer38@example.com,2024-01-19,VIP
b2bd0a95-ad22-4fae-8832-3ff0601dbd4f,Customer 39,customer39@example.com,2024-06-23,PREMIUM
df22fe2d-1a7d-4fe3-b487-d666edabc548,Customer 40,customer40@example.com,2025-01-06,PREMIUM
6ee485a9-2410-4e63-8981-ddb4090044d9,Customer 41,customer41@example.com,2024-01-14,PREMIUM
9f522c76-c431-4a68-bb83-e211d6331a7f,Customer 42,customer42@example.com,2025-08-04,REGULAR
b51565ae-e791-429e-8bbf-63cf93c85516,Customer 43,customer43@example.com,2026-03-09,VIP
7106fb75-274f-4487-b20b-fb1af684fca6,Customer 44,customer44@example.com,2024-02-16,PREMIUM
b77307f5-9dd6-4581-af9b-119dd408c08e,Customer 45,customer45@example.com,2025-04-14,PREMIUM
edaabf4d-d66f-4f99-83f2-ac807e9b96dc,Customer 46,customer46@example.com,2024-02-24,PREMIUM
eb9db1fc-27be-4e33-982c-438299d05904,Customer 47,customer47@example.com,2024-08-21,REGULAR
fc35fa3a-ae8f-454c-87b2-dcc7ab699c27,Customer 48,customer48@example.com,2023-11-19,PREMIUM
9030a388-144b-435f-b809-f4562b5658a7,Customer 49,customer49@example.com,2025-02-24,REGULAR
deba1906-48d0-4aab-b9e8-d2e301238806,Customer 50,customer50@example.com,2026-02-21,REGULAR
e3f7830f-2d06-417c-b5db-02229828a56a,Customer 51,customer51@example.com,2024-01-17,VIP
cdfe3ec7-0084-4263-aeee-1b35e678da2e,Customer 52,customer52@example.com,2024-04-12,PREMIUM
3c41d387-38b0-470b-b359-e6eb77d32739,Customer 53,customer53@example.com,2024-03-02,REGULAR
a9e9c68d-ad95-4a58-92e9-fa7a8e4603cc,Customer 54,customer54@example.com,2025-03-12,VIP
91850667-b059-4e5a-8eb0-ae5198f761c8,Customer 55,customer55@example.com,2026-03-24,VIP
bf1aeb13-3644-49a2-b171-4c40f2b58504,Customer 56,customer56@example.com,2025-08-02,REGULAR
c5c35edd-6e56-400a-be4c-c2af24dde981,Customer 57,customer57@example.com,2024-10-16,PREMIUM
ba7c0302-385b-4a00-a1b0-822a63c804d8,Customer 58,customer58@example.com,2025-03-26,VIP
d2ef96f4-d042-4b84-9efc-6b656017c32d,Customer 59,customer59@example.com,2025-04-20,VIP
c109ab53-0c24-4c44-8de5-74c5f391198b,Customer 60,customer60@example.com,2026-03-25,PREMIUM
84dcb8a1-a647-4198-8406-82c45c9520f2,Customer 61,customer61@example.com,2025-06-23,REGULAR
be555611-7026-4dfd-b4e2-bf8be1d6ca97,Customer 62,customer62@example.com,2024-04-02,PREMIUM
20c0eaa6-e467-41de-9708-9687b1fb9003,Customer 63,customer63@example.com,2024-07-08,PREMIUM
c258f5bb-3e25-4da5-a7b7-3483afbd30a4,Customer 64,customer64@example.com,2025-03-06,PREMIUM
3ac64af2-b1cd-4f97-9f3f-d7c22b2af47b,Customer 65,customer65@example.com,2024-02-11,REGULAR
c94fe723-a257-4fe2-84da-4703538d801f,Customer 66,customer66@example.com,2024-09-06,VIP
119ce8d6-232e-4b7b-84f8-a16f5c6336d4,Customer 67,customer67@example.com,2025-06-12,VIP
6e59b763-29f4-41c1-9ebb-f1e79e1a8262,Customer 68,customer68@example.com,2024-02-18,VIP
6779cadb-086b-4623-9391-b5b56c48dabc,Customer 69,customer69@example.com,2025-10-05,REGULAR
5a313348-f39b-4850-8f84-2c38f8bf258c,Customer 70,customer70@example.com,2024-06-17,VIP
42fecbb7-3d7d-42db-a02c-a5666a3c1e50,Customer 71,customer71@example.com,2025-06-17,PREMIUM
ce32cb88-480b-477d-beff-e83af679701c,Customer 72,customer72invalid,2024-12-13,REGULAR
7b16cb2f-ecd5-42e5-8907-29e2242f501a,Customer 73,customer73@example.com,2025-10-10,VIP
44e544a9-8d9f-443b-b565-a9a04e030301,Customer 74,customer74@example.com,2025-08-12,VIP
09d73d33-04cd-45c6-a3da-dec182bbeb63,Customer 75,customer75@example.com,2024-01-04,REGULAR
6d489d8e-3177-4edf-8c67-000afe0cb94c,Customer 76,customer76@example.com,2025-02-19,REGULAR
0ffee807-cdfb-4757-8aa3-a373f81a5da2,Customer 77,customer77@example.com,2026-01-25,PREMIUM
f69bb38b-40c6-4628-97c2-053c0b07e3ad,Customer 78,customer78@example.com,2025-12-23,REGULAR
fb12027b-bc4f-49a1-9c37-609193354df1,Customer 79,customer79@example.com,2024-08-25,REGULAR
4d9ad4cc-f86a-4eea-946e-144c2b335db0,Customer 80,customer80@example.com,2024-01-03,PREMIUM
05de0f35-6fa0-4074-86d6-98bd2cccd7bb,Customer 81,customer81@example.com,2026-03-26,VIP
75d7fca0-9f10-4d1a-ab02-0ec84531f2f1,Customer 82,customer82@example.com,2024-10-31,VIP
9acfd06e-25c1-4068-bbc3-5c27a8e3f89d,Customer 83,customer83@example.com,2025-08-28,PREMIUM
f53d4f4d-e6c8-4283-b55e-93e5d89aac8a,Customer 84,customer84@,2025-02-18,VIP
424429f1-1567-472a-b4f8-dd8f8382d84a,Customer 85,customer85@example.com,2024-09-27,REGULAR
8c2aab39-1ef1-40cc-a384-5435b315c300,Customer 86,customer86@example.com,2025-11-11,PREMIUM
6bd2d23c-ef33-4a44-8958-94db2c5b56b0,Customer 87,customer87@example.com,2024-10-04,VIP
f8f1c210-ebb0-4eb3-b122-c4ab7ab8969f,Customer 88,customer88@example.com,2025-12-02,VIP
427846e8-ec9a-4224-8313-cd8fe49e9fd0,Customer 89,customer89@example.com,2025-08-05,VIP
0067054e-b891-49c0-b3b1-247b49001194,Customer 90,customer90@example.com,2024-05-24,VIP
4eee24c2-9881-46aa-8087-adbae6f3e2f6,Customer 91,customer91@example.com,2023-11-07,REGULAR
1879121a-a475-406f-9394-0a54df790419,Customer 92,customer92@example.com,2025-11-28,REGULAR
f3e7e2cf-147b-4b92-b566-1a015f054032,Customer 93,customer93@example.com,2025-07-07,VIP
e28cbeb5-24cf-42ab-8cdf-3f2a61cdb17f,Customer 94,customer94@example.com,2024-07-10,PREMIUM
3401c705-9e6a-425a-8f6d-8476fa7e22b6,Customer 95,customer95@example.com,2025-04-28,VIP
8b9351bf-fc8a-40a9-9366-36f06b672e4a,Customer 96,customer96@example.com,2024-04-10,VIP
5c589ab6-4833-450f-9755-89dcb39653f2,Customer 97,customer97invalid,2025-04-16,VIP
49099641-02dc-4a82-918f-d460a38896ec,Customer 98,customer98@example.com,2025-04-03,PREMIUM
465ea122-705e-40cf-9a4d-5200839b6ab0,Customer 99,customer99@example.com,2024-12-28,REGULAR
a2413549-6f59-4e43-a823-979c6778c3be,Customer 100,customer100@example.com,2024-12-28,PREMIUM
4b88b448-0ce0-40e9-8687-67c5af1aefd6,Customer 101,customer101@example.com,2023-12-05,VIP
25344371-347e-4629-b195-e8e71a64e301,Customer 102,customer102@example.com,2023-11-30,REGULAR
7e2b43f9-a4b5-46e6-b66d-58848848f971,Customer 103,customer103@,2023-11-24,REGULAR
63d75b17-b0e3-4440-950b-6e0f68232901,Customer 104,customer104@example.com,2025-01-12,REGULAR
29db0af0-dd29-444f-9f02-822ce64f7d2c,Customer 105,customer105@example.com,2025-05-01,REGULAR
4483cf96-e759-4c77-9749-97d18400571c,Customer 106,customer106@example.com,2023-11-26,PREMIUM
840c6a2b-508d-4e05-90cb-0d578122f63b,Customer 107,customer107@example.com,2024-11-06,PREMIUM
3476a8c0-c016-4c25-b209-6a2bd08e690f,Customer 108,customer108@example.com,2025-03-10,VIP
fed7b1d6-53c8-4d61-b6e2-40fd70d881ec,Customer 109,customer109@,2023-12-30,PREMIUM
362d07ce-ff3f-4db8-9fbb-17cd635386d1,Customer 110,customer110@example.com,2025-03-15,VIP
f990cf48-22f5-44b0-a788-0905ea0f3fe1,Customer 111,customer111@example.com,2024-01-31,REGULAR
d9a9c394-d9cd-4791-beff-154de50beba7,Customer 112,customer112@example.com,2024-08-07,VIP
34058e1a-64e5-45c8-b904-8d2553c4eeb8,Customer 113,customer113@example.com,2025-05-07,REGULAR
40fda7bf-d417-4394-847c-4d3fa771df2d,Customer 114,customer114@example.com,2025-05-03,REGULAR
c96006ac-60b3-4564-aec8-73219f86ec96,Customer 115,customer115@example.com,2025-03-19,PREMIUM
04a3c851-c15d-4369-baf1-31fbc52f1084,Customer 116,customer116@example.com,2025-02-02,VIP
e5ca46f8-3669-4982-8c61-966594a15e99,Customer 117,customer117@example.com,2024-08-18,REGULAR
1ad54a44-dc07-4140-ac88-66e04337c62f,Customer 118,customer118@example.com,2025-11-18,PREMIUM
434fefc4-d9df-4267-ad82-c411e6b69745,Customer 119,customer119@example.com,2026-01-24,REGULAR
9b6899e7-5399-46b3-bb77-c5be84b4eb01,Customer 120,customer120@example.com,2025-12-09,PREMIUM
e224427c-e2f5-4a60-afe5-bf549aa884dc,Customer 121,customer121@example.com,2025-03-17,PREMIUM
9a8c4259-d5b7-4601-af6d-91d887c3bbce,Customer 122,customer122@example.com,2024-08-03,PREMIUM
08a7ac1f-47f2-4ed9-a035-475e0b3cb768,Customer 123,customer123@example.com,2025-06-28,PREMIUM
5355d945-b674-4595-8458-563b721319a7,Customer 124,customer124@example.com,2026-04-08,PREMIUM
fe130ece-d34a-4a7e-ad6c-a78e6a1754f1,Customer 125,customer125@example.com,2024-02-04,REGULAR
c432c9fd-1c6a-4fa3-97db-2cd76f9df5fe,Customer 126,customer126@example.com,2024-05-23,REGULAR
147ed37a-3113-4335-92f3-ec0f93cbfddd,Customer 127,customer127@example.com,2024-12-28,VIP
43403951-9586-49a6-9145-1b438f808721,Customer 128,customer128@example.com,2024-02-01,PREMIUM
4a3f4ab5-53a3-43b7-ac24-ce2a9763c606,Customer 129,customer129@example.com,2025-10-27,VIP
d67077c0-8899-4fc3-97fc-e211713f2948,Customer 130,customer130@example.com,2024-07-31,REGULAR
803f78c5-0923-4f4a-ab60-c9e12ea506fa,Customer 131,customer131@example.com,2025-06-21,PREMIUM
c28515f9-eb9b-4585-a569-3180e88c1d1f,Customer 132,customer132@example.com,2024-12-16,VIP
9dbf7708-a510-4a16-b14d-0584869a1816,Customer 133,customer133@example.com,2025-07-16,VIP
ed14f607-9265-4434-af7d-02f19afceb54,Customer 134,customer134@example.com,2025-01-23,REGULAR
c8c8795a-425a-4202-9964-b8a9f350ff52,Customer 135,customer135@example.com,2024-02-23,VIP
5d914bf5-1433-441c-a22a-6b25378aa050,Customer 136,customer136@example.com,2025-07-01,VIP
414becbc-92e5-4f94-811d-6c183a4ecc28,Customer 137,customer137@example.com,2026-01-16,REGULAR
04136b70-2f9b-4a83-871b-f6cc037d8ac1,Customer 138,customer138@example.com,2024-02-01,PREMIUM
5338390c-6b09-4cb9-992f-6f03570385cb,Customer 139,customer139@example.com,2024-09-17,VIP
78fae74e-2122-4a73-a1dd-3bcbc3752072,Customer 140,customer140@example.com,2024-03-04,REGULAR
1033b90e-b71e-452a-8340-d2d8f47dd830,Customer 141,customer141@example.com,2024-10-19,REGULAR
102f57f3-3fbc-4e5e-a259-92be68163bf1,Customer 142,customer142@example.com,2024-09-17,REGULAR
4f3c403f-850e-449c-8ebb-7fe7d69f12ee,Customer 143,customer143@example.com,2024-07-19,VIP
a6582e63-182e-4ae7-af04-4c5f30f53a91,Customer 144,customer144@example.com,2025-03-27,REGULAR
d72798ce-b02b-45df-9f13-4ea1cfd252d5,Customer 145,customer145@example.com,2025-03-17,REGULAR
e1e09511-935e-4380-af89-5330e6734202,Customer 146,customer146@example.com,2025-12-21,REGULAR
cf563fde-5466-4ceb-869c-f480c1352dbb,Customer 147,customer147@example.com,2024-12-22,PREMIUM
dd959018-9b12-4677-b060-9f0c0581f3fd,Customer 148,customer148@example.com,2023-10-22,VIP
b2acf011-4202-4c6f-a5a2-27c5bbf8817d,Customer 149,customer149@example.com,2025-06-17,PREMIUM
88dcc35b-328c-4f75-b0f7-412e1f5bf228,Customer 150,customer150@example.com,2024-10-02,PREMIUM
d09e606e-8fc5-49f7-b340-05252aa2a274,Customer 151,customer151@example.com,2024-04-04,REGULAR
6879d9f5-aa45-406f-b195-4000a0d4dccd,Customer 152,customer152@example.com,2025-03-16,PREMIUM
76ecf6ed-ee6c-4cfd-a13d-f803ed78552b,Customer 153,customer153@example.com,2025-02-11,PREMIUM
3417664f-2c1a-4887-9cb6-7477b2a7a8d7,Customer 154,customer154@example.com,2025-10-01,VIP
14315e58-11f8-4f96-8be3-f5787abf92ba,Customer 155,customer155@example.com,2025-04-25,VIP
944a3d7d-13de-4902-96b1-6add65da7887,Customer 156,customer156@example.com,2025-01-16,PREMIUM
8413e6ae-bb8b-4769-982f-f5f6d61e1540,Customer 157,customer157invalid,2026-01-17,REGULAR
4381b10e-b937-4077-a9f4-af19242ee189,Customer 158,customer158@example.com,2025-04-07,VIP
8947d1c3-e8e4-4e75-a564-33ad24ce5bc0,Customer 159,customer159@example.com,2025-03-01,PREMIUM
339b7185-53c1-4c8b-8e22-81692b4d8135,Customer 160,customer160@example.com,2024-10-10,PREMIUM
54e0102f-0eb1-48fd-825a-87ff03a7e332,Customer 161,customer161@example.com,2025-01-06,PREMIUM
646daefb-4dd8-4310-ac61-e7ac0b69b681,Customer 162,customer162@example.com,2026-02-25,PREMIUM
b544dcd0-41ff-4de3-b5cb-a2b5e6ae664a,Customer 163,customer163@example.com,2024-12-04,PREMIUM
2b196ed5-804b-43cd-9e24-fc033b7d8a59,Customer 164,customer164@example.com,2024-04-09,REGULAR
90e046d9-f305-456e-99a1-78a288646ae8,Customer 165,customer165@example.com,2024-03-25,PREMIUM
629a1d53-9442-4e3f-92aa-d2a0e9ac9cfb,Customer 166,customer166@example.com,2024-12-03,REGULAR
db8fad2a-f467-4e51-bb36-acf5baf3aed5,Customer 167,customer167@example.com,2024-12-16,VIP
928358fa-c888-4cd6-abac-89c57ae7097a,Customer 168,customer168@example.com,2025-09-08,PREMIUM
443176d7-8bea-4fcc-b139-a707aae54447,Customer 169,customer169@example.com,2025-09-16,REGULAR
a0c0973e-233c-4c2e-80d9-443ebe0c4478,Customer 170,customer170@example.com,2024-02-21,PREMIUM
f0659895-42ee-49fe-91e0-788d4a121958,Customer 171,customer171@example.com,2024-01-06,VIP
0675ed81-b8e8-4119-b1fd-e88503e669a8,Customer 172,customer172@example.com,2024-12-26,REGULAR
562aba48-c31d-426e-b053-42bee9953c38,Customer 173,customer173@example.com,2024-04-07,PREMIUM
a2cbf216-5a32-4cdc-9e7c-4363e19bc9da,Customer 174,customer174@example.com,2025-04-14,REGULAR
66d16b0c-0288-4a2a-8173-0a43548e21bf,Customer 175,customer175@example.com,2024-09-15,REGULAR
8736732b-46fb-48f4-b982-91df773309db,Customer 176,customer176@example.com,2025-07-23,VIP
959f24a6-5730-4b4d-979e-3069c04b4eae,Customer 177,customer177@example.com,2026-03-16,VIP
f5f1afad-535e-41ef-b2d2-f997abd180ee,Customer 178,customer178@example.com,2024-09-12,VIP
89e275a1-17cc-4d68-992c-84f3ef351c63,Customer 179,customer179@example.com,2025-01-23,VIP
b642f518-5720-41dc-abef-1afbc52417db,Customer 180,customer180@example.com,2024-06-30,REGULAR
9f6cdf75-4b3a-4066-bf88-b11bbe4201d8,Customer 181,customer181@example.com,2025-08-21,PREMIUM
aa7d2ab0-95b3-4b80-afe4-f360e1018726,Customer 182,customer182@example.com,2023-11-02,PREMIUM
dce2ca78-084f-400a-a3b5-f4975b8aec55,Customer 183,customer183@example.com,2025-07-14,PREMIUM
d9a75548-1df4-4c5f-954e-b60bbaf6faa7,Customer 184,customer184@example.com,2025-03-03,PREMIUM
7a0e978c-0062-4158-a604-57d407c4cbd6,Customer 185,customer185@example.com,2026-01-25,VIP
bd66f5e0-abca-478c-b25f-63d74ea25b36,Customer 186,customer186@example.com,2023-10-26,PREMIUM
f36feae7-7c3c-437c-a3cd-adb5bb7725ee,Customer 187,customer187@example.com,2024-05-03,REGULAR
7dc269e2-7d98-4358-b72c-17456ddfd0de,Customer 188,customer188@example.com,2025-06-24,VIP
2776ecbf-e1d8-42c1-ada5-3ec110e4c94a,Customer 189,customer189@example.com,2024-08-02,REGULAR
cfaf5bcf-a532-4e91-b200-80b396a55041,Customer 190,customer190@example.com,2025-09-15,REGULAR
cba9a4e4-7c6e-4ae2-87ba-ba5b17c3c3e1,Customer 191,customer191@example.com,2025-12-20,PREMIUM
4f6dd429-e225-4d71-947f-a71a71e18dd2,Customer 192,customer192@example.com,2024-01-11,PREMIUM
f4121d73-73c7-42d8-853a-f3a524bc37d3,Customer 193,customer193@example.com,2024-07-28,VIP
fd2cb9e5-ab92-4d38-8e42-3e1cc8ca3bb8,Customer 194,customer194@example.com,2023-10-27,VIP
1e9f9445-552c-4115-b228-0b417af4888e,Customer 195,customer195@example.com,2025-06-16,VIP
d14feb33-fbd5-4a06-bae9-9356f69b109f,Customer 196,customer196@example.com,2024-02-27,VIP
31eee768-b129-4ca0-a8f4-5111c170998f,Customer 197,customer197@example.com,2025-11-19,REGULAR
e0fdcd9e-022b-48bb-a229-2463965ff1fb,Customer 198,customer198@example.com,2025-08-02,VIP
1990974e-5420-4505-9656-aec7b6748f11,Customer 199,customer199@example.com,2025-02-02,VIP
3248bb73-a8f3-46c1-a6ff-9458cd49a23a,Customer 200,customer200@example.com,2024-10-17,VIP
a1f47d90-2b8f-4109-a181-71da86ecde6b,Customer 201,customer201@example.com,2025-12-22,PREMIUM
c1d7c6b9-9ed0-4910-ab88-b2e496cc77ff,Customer 202,customer202@example.com,2025-02-24,REGULAR
1909faf4-b468-45da-879a-e96265d93751,Customer 203,customer203@example.com,2024-11-09,VIP
90ddf404-9f4a-4dae-80a0-da2891c5957b,Customer 204,customer204@example.com,2024-06-03,PREMIUM
d6739890-8fa0-4359-bb2b-989c777a2360,Customer 205,customer205@example.com,2026-03-30,VIP
efb289e3-b116-4441-a936-90089048062b,Customer 206,customer206@example.com,2024-06-02,PREMIUM
9c5db7b9-0185-4e9b-a7ac-5b80b3d8f793,Customer 207,customer207@example.com,2025-10-09,VIP
fb7dc01f-08f0-45ea-afe7-09ab05c660b8,Customer 208,customer208@example.com,2025-12-08,REGULAR
8adbd2be-a5ec-4431-8f0d-8bb1af0b41d6,Customer 209,customer209@example.com,2024-10-15,REGULAR
1904edd6-bdd8-44cd-9a11-1a6329bbd831,Customer 210,customer210@example.com,2026-02-18,VIP
559c65f4-74d0-44ca-abf4-d0c9a1daf5f4,Customer 211,customer211@example.com,2024-09-26,REGULAR
29632d27-3c5d-42ea-9a69-1c96ae55209b,Customer 212,customer212@example.com,2025-07-13,PREMIUM
e4ae9446-92e8-4630-9b87-02069ab6e594,Customer 213,customer213@example.com,2024-01-26,PREMIUM
7ef66eb0-a2ac-41f7-b7ad-d804b9d08d20,Customer 214,customer214@example.com,2024-02-20,REGULAR
decf1256-962c-43fc-b21e-be36b7120e2b,Customer 215,customer215@example.com,2025-11-30,VIP
88670530-a362-4369-85f4-accb2f6c1e1a,Customer 216,customer216@example.com,2024-03-27,VIP
2d26e713-7fc7-4cda-96da-20c9e05c338d,Customer 217,customer217@example.com,2025-11-16,REGULAR
94201f29-c56b-42a4-9378-8efcfc06a630,Customer 218,customer218@example.com,2025-10-28,VIP
b05562a1-4537-4c19-a629-ac74fd421536,Customer 219,customer219@example.com,2025-05-17,PREMIUM
f2afab03-c759-4e6b-b919-88909208041b,Customer 220,customer220@example.com,2024-05-22,VIP
e5d426cc-19ad-452b-9650-091377e4bbe3,Customer 221,customer221@example.com,2025-02-04,VIP
3949a0ba-6da9-45fe-8231-5fd7092ecff7,Customer 222,customer222@example.com,2025-09-07,VIP
6fa0d8b5-d09c-467c-aea8-0fff32edcaf1,Customer 223,customer223@example.com,2025-07-23,VIP
7da6d2fe-354d-443d-9211-1ac0a17ca030,Customer 224,customer224@example.com,2025-09-29,VIP
3b5d5d80-ae06-413b-a5ad-283f57d3d124,Customer 225,customer225@example.com,2024-05-07,PREMIUM
d001c707-07a6-4d7f-a679-6389aab519d7,Customer 226,customer226@example.com,2024-12-07,REGULAR
cde15e52-f959-46bd-9056-4d5f485f5486,Customer 227,customer227@example.com,2024-01-07,REGULAR
ffc34582-42c7-469f-9cf6-fc08e27863df,Customer 228,customer228@example.com,2025-04-04,VIP
669c8882-bf45-49a3-8336-2605912c721d,Customer 229,customer229@example.com,2025-11-22,PREMIUM
12e33fc0-437d-4a43-80e0-44ebbec9a2c1,Customer 230,customer230@example.com,2025-08-04,VIP
75485ec3-5d00-4e02-a006-905fdef12738,Customer 231,customer231@example.com,2025-02-23,PREMIUM
d7dc48d4-496e-4a9d-b818-1b73ff350dd3,Customer 232,customer232@example.com,2024-05-22,REGULAR
63b75fee-7cff-4496-9ea2-5b8c93a1e947,Customer 233,customer233@example.com,2024-11-28,REGULAR
141c3cd0-874b-4c85-b314-1865b29a6b6d,Customer 234,customer234@example.com,2024-05-07,PREMIUM
d37abe2e-bb00-45e9-91e4-de435e492f5d,Customer 235,customer235@example.com,2024-06-18,VIP
3c979166-d0ac-40f8-87a3-b32a183f6059,Customer 236,customer236@example.com,2024-02-23,PREMIUM
b61b43c1-d13b-44d6-8b02-dd9267c35d01,Customer 237,customer237@example.com,2024-02-23,PREMIUM
253e8522-06cf-4db9-b77e-332ad134bde8,Customer 238,customer238@example.com,2025-04-14,VIP
8ea4d368-deef-4f83-8431-a6d058053ab3,Customer 239,customer239@example.com,2024-06-23,PREMIUM
59b8774e-2e73-4e7a-95d4-d085c5a54143,Customer 240,customer240@example.com,2024-06-07,PREMIUM
1bf68065-baa8-46dd-837a-07b1b2fb4b1a,Customer 241,customer241@example.com,2023-11-18,REGULAR
5c5c0474-c509-4a4a-ab7a-5d5eaec7e127,Customer 242,customer242invalid,2025-09-16,PREMIUM
362795dc-ff75-46e8-a008-2b8dfe31d50a,Customer 243,customer243@example.com,2025-09-21,PREMIUM
964c0a1d-da8b-4e7d-8783-636c25cdbddc,Customer 244,customer244@example.com,2026-03-13,PREMIUM
8f38021b-4a3f-46b6-b85e-9cf28c5c13b3,Customer 245,customer245@example.com,2024-10-13,REGULAR
c6d82497-cc60-4552-abab-167a5e164fe6,Customer 246,customer246@example.com,2025-09-26,VIP
dd3a044c-051c-48e1-9aee-874940fae340,Customer 247,customer247@example.com,2024-04-26,REGULAR
dc4a4ee5-2878-42c4-93ba-390e59ee34f3,Customer 248,customer248@example.com,2024-03-25,PREMIUM
63d869c5-9d25-4a44-a4aa-3da83e4be811,Customer 249,customer249@example.com,2024-06-06,PREMIUM
19b2209d-9749-44b3-8c25-ffbfcc0eb15d,Customer 250,customer250@example.com,2023-12-18,REGULAR
e62ea486-330b-4dd3-8787-9432b4f7752b,Customer 251,customer251@example.com,2025-10-07,PREMIUM
d6d1bd9a-d5f5-4691-9f78-be65d8d98ce5,Customer 252,customer252@example.com,2024-07-07,REGULAR
c33a312f-6c66-4bcf-a38a-9150aad4a2bc,Customer 253,customer253@example.com,2025-07-20,VIP
52b055a2-8d44-4187-aaea-748b01208e8b,Customer 254,customer254@example.com,2024-06-01,PREMIUM
edaf77e6-7936-4905-bfc3-6806152882a4,Customer 255,customer255@example.com,2025-07-06,VIP
fb0cd4d6-dd56-4482-a3c5-aca6d1b847b2,Customer 256,customer256@example.com,2025-04-16,REGULAR
72086cd4-3cbc-4f72-b8a2-3439b5b12927,Customer 257,customer257@example.com,2026-03-22,REGULAR
bfe5528b-ebdf-4e0b-842d-bee4fefa9632,Customer 258,customer258@example.com,2025-08-07,REGULAR
9c0caa88-8f31-4fb9-8ffb-72c87f1d0838,Customer 259,customer259@example.com,2025-10-24,VIP
97374ce0-bf9e-4f55-8f14-75070bddad05,Customer 260,customer260@example.com,2024-04-04,PREMIUM
907c83dc-5266-4a3e-a694-1960aaaa88a2,Customer 261,customer261@example.com,2026-03-20,VIP
231474d9-f81b-45e2-a7ab-fa4e75f2db03,Customer 262,customer262@example.com,2024-06-14,REGULAR
8d75fa4f-2cf7-4673-b362-145cf893ca53,Customer 263,customer263@example.com,2025-12-22,PREMIUM
8cfdd10c-4ff6-4a33-99db-d460777291fb,Customer 264,customer264@example.com,2024-07-14,PREMIUM
f1cb62e9-1f11-4335-9892-d7ca8f78a656,Customer 265,customer265@example.com,2025-05-23,PREMIUM
ccfd466e-9ba9-4d71-890f-8e9a463b300e,Customer 266,customer266@example.com,2025-03-10,PREMIUM
b46c7ce0-0bef-4b54-8a66-08914917e0fe,Customer 267,customer267@example.com,2025-12-23,VIP
35bb1c80-b283-44f8-9e58-14734a7c5b27,Customer 268,customer268@example.com,2025-05-11,VIP
720cbf22-87b2-4888-bd85-9f4d8e2f9d51,Customer 269,customer269@example.com,2025-06-08,REGULAR
6b5c93fc-62e0-4457-9934-702a2684e09b,Customer 270,customer270@example.com,2024-07-22,PREMIUM
2b204949-d8ec-4fb4-abf2-1e93faee8216,Customer 271,customer271@example.com,2024-12-10,REGULAR
faa87932-9a65-4056-9bc4-dae721cf0dbb,Customer 272,customer272@example.com,2024-06-01,PREMIUM
a246ab01-c2b1-44b0-8da4-7a10c55e2942,Customer 273,customer273@example.com,2024-05-16,REGULAR
61009261-029c-4438-9136-96473be25e97,Customer 274,customer274@example.com,2024-01-30,VIP
abbec902-2919-4a8e-9d09-e4a4822c0ee2,Customer 275,customer275@example.com,2025-10-12,PREMIUM
19553e60-e2ad-432e-8c5b-e5dfd370aeb6,Customer 276,customer276@example.com,2024-05-21,REGULAR
d4af3082-d14a-4744-a856-ad685db90c27,Customer 277,customer277@example.com,2024-11-18,VIP
c44edcd3-1e73-457e-ab54-76e82812b72e,Customer 278,customer278@example.com,2025-01-21,PREMIUM
f3e09a8b-4c7e-4e0e-86cd-1a683d1b8633,Customer 279,customer279@example.com,2026-02-22,REGULAR
55b3f08e-b598-47e0-8b0c-55b1778dfd6b,Customer 280,customer280@example.com,2025-06-24,VIP
e88b6938-d8e2-4398-8c3e-95255e960ade,Customer 281,customer281@example.com,2024-02-22,PREMIUM
79d5c547-0a0e-40f2-95b8-1e7c1e3ddbd5,Customer 282,customer282@example.com,2025-02-13,REGULAR
0b96f560-69ac-4436-b49a-eec58197c00e,Customer 283,customer283@example.com,2025-06-28,VIP
54fe5550-7124-4bc8-8279-60709fc5c4b6,Customer 284,customer284@example.com,2024-12-04,VIP
066b9c2d-8487-4c20-a363-c7f195b990bb,Customer 285,customer285@example.com,2024-10-28,REGULAR
66bdbcf7-c052-4023-99ed-432af1acdf2a,Customer 286,customer286@example.com,2023-12-14,VIP
de78cbc5-7f74-4323-81a6-2a4497e49b37,Customer 287,customer287@example.com,2024-11-22,PREMIUM
5378458a-363c-43ec-a269-08cc2a68873d,Customer 288,customer288@example.com,2025-12-17,REGULAR
bf8ec88a-1bb6-4b80-9aac-d1b21206e096,Customer 289,customer289@example.com,2025-03-04,PREMIUM
9ebc6602-c34f-43bf-819f-25ad12e27f33,Customer 290,customer290@example.com,2024-03-01,PREMIUM
3539add4-661c-437d-8a9b-912f3907ceef,Customer 291,customer291@example.com,2025-12-23,REGULAR
debc62f9-c4ab-44e5-b2fe-5372dc32a619,Customer 292,customer292@example.com,2024-12-22,VIP
8b52cbf1-f5c6-446b-932f-1329e3c3a3eb,Customer 293,customer293@example.com,2025-03-11,PREMIUM
7edd54bb-42f0-4f79-98a3-7c26e8bd1940,Customer 294,customer294@example.com,2025-02-08,VIP
80c42eb9-5143-4fca-ac17-2e63bf833ea8,Customer 295,customer295@example.com,2024-08-10,VIP
eb03bf88-e6aa-49e7-b2e2-a0d61c6fa8a4,Customer 296,customer296@example.com,2026-03-08,VIP
08d89b47-0471-4319-b065-60f21f4ca831,Customer 297,customer297@example.com,2024-01-05,REGULAR
2d0b02d0-bb0f-4034-a7b1-33bd47684be7,Customer 298,customer298@example.com,2024-03-31,REGULAR
b948b9ca-5822-4048-af5a-d4945840c76b,Customer 299,customer299@example.com,2025-01-22,PREMIUM
12ccbc53-c99c-48ff-8f95-82f34b3d446c,Customer 300,customer300invalid,2024-07-02,VIP
018bb246-753b-4c62-af03-a5dd20afd7f0,Customer 301,customer301@example.com,2024-11-15,VIP
87e5e8c1-ace2-4195-b82f-f99b36e89dcd,Customer 302,customer302@example.com,2024-05-19,VIP
195e0078-1625-42da-b4f9-c26341717dea,Customer 303,customer303@example.com,2024-06-11,VIP
10419ae4-7e49-4812-a0ea-2d492fa8bac9,Customer 304,customer304@example.com,2025-07-21,PREMIUM
522f9bc0-0cc9-4897-9b62-dfbcaac138db,Customer 305,customer305@example.com,2026-02-25,VIP
4128d9fb-5d8d-4fdf-883d-7d91d3b4805d,Customer 306,customer306@example.com,2024-08-20,VIP
1ddee3d7-2d03-4320-8483-e467a3c77d65,Customer 307,customer307@example.com,2025-05-30,VIP
4376002e-1341-44c9-818f-f35051f125b3,Customer 308,customer308@example.com,2025-12-07,PREMIUM
ca600489-886a-4db0-acc6-57da4a16f024,Customer 309,customer309@example.com,2024-05-08,VIP
f17e2d33-e097-43d8-8d92-1a8b2d850e18,Customer 310,customer310@example.com,2024-10-04,REGULAR
28a7200c-8d92-4293-9d43-cdf041a28829,Customer 311,customer311@example.com,2023-11-07,REGULAR
00d09523-4ee4-4a8a-9d0e-f87f6211fe6e,Customer 312,customer312@example.com,2023-11-26,VIP
2d612884-5aaa-40e1-bae0-9bb6e499b73a,Customer 313,customer313@example.com,2025-11-24,VIP
d3c6c813-f376-4fbc-b97e-72a1d5ae8a3d,Customer 314,customer314@example.com,2024-11-15,PREMIUM
2b3bc6e5-956c-4f41-b9eb-bb98fbc4ff7e,Customer 315,customer315@example.com,2023-11-16,PREMIUM
f496b31b-772a-473a-ae35-b8f272f9a0ff,Customer 316,customer316@example.com,2025-03-31,PREMIUM
3ab9dc1d-2d15-462e-9f8a-224e50835456,Customer 317,customer317@example.com,2024-08-07,REGULAR
ecb4db0e-bc91-44e8-8b98-85dcfb56da93,Customer 318,customer318@example.com,2024-06-26,VIP
9c24661c-3eae-498d-890c-0e94f3dc1ee5,Customer 319,customer319@example.com,2024-11-11,REGULAR
ab8263f1-4ebc-40a0-a750-6ff2c76abc19,Customer 320,customer320@example.com,2024-07-09,PREMIUM
3e599188-b869-4493-aea8-9f97de73e6ee,Customer 321,customer321@example.com,2024-11-14,REGULAR
72eb6b00-de8a-4546-9311-498c8c6ff5b8,Customer 322,customer322@example.com,2023-11-29,REGULAR
198f6245-ea20-4a0d-aeed-ea2c35b80d9c,Customer 323,customer323@example.com,2025-06-15,REGULAR
267527d2-1cfb-4ae4-9f31-9fad65598240,Customer 324,customer324@example.com,2025-12-13,REGULAR
af6cbb05-b4a4-4e49-be76-e8f0904094ce,Customer 325,customer325@example.com,2026-03-19,VIP
0d9e61d4-0308-4d50-8c90-ebaaac30afe6,Customer 326,customer326@example.com,2024-03-12,REGULAR
b8cd0870-8b5b-4cfc-97ab-f2c96d740e14,Customer 327,customer327@example.com,2024-10-30,VIP
96ae64c5-c1eb-4b8d-aff3-9ea3af87b05f,Customer 328,customer328@example.com,2025-07-22,PREMIUM
e2afc638-2d0b-4ee3-9878-f12841c04759,Customer 329,customer329@example.com,2025-12-05,REGULAR
570baa10-8275-47b0-81aa-3ba3ee1717ba,Customer 330,customer330@example.com,2024-03-03,REGULAR
02f63363-df5a-4bd0-afda-4298804f973e,Customer 331,customer331@example.com,2026-03-26,REGULAR
9d23f629-eb0b-4b94-89a8-b938b232d297,Customer 332,customer332@example.com,2024-12-15,REGULAR
c5c518d3-ed39-4744-9d91-49bd7d02fd49,Customer 333,customer333@example.com,2024-06-21,REGULAR
3e3e1362-a0b7-415a-88bd-5319596000e6,Customer 334,customer334@example.com,2024-04-13,PREMIUM
2cf0d1e5-446e-4d94-98d0-cf9863a26807,Customer 335,customer335@example.com,2025-12-06,PREMIUM
5d775f09-410d-4001-a7f8-da1a282e180f,Customer 336,customer336@example.com,2025-08-28,PREMIUM
27d6830e-2012-4058-9aa1-92ab2d097c15,Customer 337,customer337@example.com,2024-05-23,VIP
455af047-531a-4d03-8f39-1233776c8aa6,Customer 338,customer338@example.com,2025-04-12,VIP
27fcc770-6a06-43a2-8d48-54131fd75cb1,Customer 339,customer339@example.com,2025-06-30,VIP
87ae4dea-ed5d-46c3-978b-3d55828cb107,Customer 340,customer340@example.com,2025-05-31,PREMIUM
b4d2a65e-351f-44ea-afe3-cc1070bde504,Customer 341,customer341@example.com,2025-11-02,REGULAR
c6aa5dae-01ca-4e16-a5cc-c687e0ae4a8d,Customer 342,customer342@example.com,2025-02-03,REGULAR
228b890c-f504-4574-a72d-2b39f0c5485d,Customer 343,customer343@example.com,2025-11-06,PREMIUM
3ad6c741-b74c-4c12-afb3-06a022dacc3c,Customer 344,customer344@example.com,2026-03-17,REGULAR
4484a6b4-9756-444b-a41a-98158c543bfa,Customer 345,customer345@example.com,2025-07-20,PREMIUM
b9f2f67b-143b-44fe-9bcc-4a78200fff54,Customer 346,customer346@example.com,2025-08-21,REGULAR
e5f98d1a-28c7-4b84-ab05-924923f16fd5,Customer 347,customer347@example.com,2025-12-08,PREMIUM
cb561ec0-5981-4bc7-b457-07c9feadc341,Customer 348,customer348@example.com,2025-08-14,REGULAR
6ac6da1f-b129-4a2d-a96c-9ba097a327da,Customer 349,customer349@example.com,2026-01-27,REGULAR
85a30ee3-f3f6-4cff-89d6-dc002812dcc4,Customer 350,customer350@example.com,2026-02-28,REGULAR
e07b2516-9958-4106-8d30-3acbd3204883,Customer 351,customer351@example.com,2025-05-28,VIP
019f564b-4b53-45ae-aceb-f159636338f2,Customer 352,customer352@example.com,2025-10-20,REGULAR
1e388b85-1dd5-4114-a706-3f4753719194,Customer 353,customer353@example.com,2025-06-01,VIP
0827ac14-ed50-4e30-bbd5-187b984284df,Customer 354,customer354@example.com,2024-10-04,PREMIUM
e7271058-a488-4a10-a7dd-95b55a3ed91f,Customer 355,customer355@example.com,2024-06-25,VIP
638b703b-41ba-482d-b2ed-cf7710014e83,Customer 356,customer356@example.com,2023-11-27,REGULAR
51f44a34-6020-4641-be9a-715e41d432bb,Customer 357,customer357@example.com,2024-01-02,REGULAR
39af90d1-80da-4f24-92b1-c018ff049990,Customer 358,customer358@example.com,2024-01-13,VIP
a4815b53-89a5-499d-b20a-56691cf132e9,Customer 359,customer359@example.com,2025-11-08,REGULAR
d71adcbf-e5c9-482e-a1f9-e9d5b2a7cae4,Customer 360,customer360@example.com,2026-03-27,REGULAR
c25ebcd4-5306-42fc-89a0-6ae0e9e6cb11,Customer 361,customer361@example.com,2026-03-29,VIP
a9f260c6-f355-4b60-a7c7-904758ea58da,Customer 362,customer362@example.com,2025-07-11,PREMIUM
d46f459d-84d9-4b1b-9f51-d45a04d3604a,Customer 363,customer363@example.com,2023-11-26,PREMIUM
e32a780e-54c3-48ed-ac9e-1ce520ce663c,Customer 364,customer364@example.com,2026-01-26,PREMIUM
0836daaa-525d-46bc-8584-7acc9cc90857,Customer 365,customer365@example.com,2023-10-28,VIP
451a08cf-ef68-4e4c-bd2a-2b318aec2286,Customer 366,customer366@example.com,2024-11-04,PREMIUM
126e6eb6-bbdb-426a-a6b6-f4fd3ff11677,Customer 367,customer367@example.com,2024-06-30,REGULAR
10cc1c9e-02c0-4fd3-87b9-45bfc1511528,Customer 368,customer368@example.com,2025-02-13,VIP
c3781086-f35a-4123-9890-3aec7d8cb308,Customer 369,customer369@example.com,2024-07-05,PREMIUM
fdbfa552-adba-4d4f-adae-efef01e0754f,Customer 370,customer370@example.com,2024-08-25,REGULAR
317365b5-1365-4bfe-86d1-ef29ef41d500,Customer 371,customer371@example.com,2025-01-12,VIP
00ca1b7a-2fae-4c65-8b45-3fcb4c41c567,Customer 372,customer372@example.com,2025-11-04,VIP
ddb9f502-08c5-4cbc-af2d-57d72e87ca31,Customer 373,customer373@example.com,2025-09-01,PREMIUM
488dd665-8302-4b27-84ae-1d97c23a29b8,Customer 374,customer374@example.com,2025-08-06,VIP
d3bbdbcc-4cc7-4010-9577-31e714388164,Customer 375,customer375@example.com,2025-09-03,VIP
a7f1316a-d5e3-432d-a1ff-8377d9a9e3f5,Customer 376,customer376@example.com,2024-01-02,PREMIUM
639e3af9-2b71-41d4-9bbc-3ecedf85e8fa,Customer 377,customer377@example.com,2025-06-23,REGULAR
19e52d57-14cd-4f84-a2aa-dfe8c97a4b01,Customer 378,customer378@example.com,2024-02-26,PREMIUM
3443e6cc-b8d3-412f-bad2-edd95d4be83e,Customer 379,customer379@example.com,2024-12-11,PREMIUM
ad468b99-5235-479f-8af6-ddb41331b378,Customer 380,customer380@example.com,2024-06-21,PREMIUM
e83f4184-8620-48a2-8f56-f66faa5a79b6,Customer 381,customer381@example.com,2024-02-04,VIP
b7ac5d93-5362-4439-a721-f92bd6d9d32e,Customer 382,customer382@example.com,2025-12-16,PREMIUM
7cff1054-b2c7-4225-911d-14229d545a2b,Customer 383,customer383@example.com,2023-11-30,REGULAR
25d0941d-0163-482b-8b12-6a9ff44c3915,Customer 384,customer384@example.com,2025-04-09,PREMIUM
98bf002c-c67b-405f-8c43-3e6761079e03,Customer 385,customer385invalid,2024-04-13,VIP
f0d6eaf0-5872-4499-aeb3-faa0668e74c5,Customer 386,customer386@example.com,2025-09-04,REGULAR
f86a1b71-a49f-48ea-bfff-a0fd13841455,Customer 387,customer387@example.com,2025-08-12,REGULAR
01c22984-0a20-4b02-9c07-082af55a17a5,Customer 388,customer388@example.com,2025-06-07,PREMIUM
85736bd6-43ad-4927-abf7-62a7b529068c,Customer 389,customer389@example.com,2025-02-04,VIP
ff8da769-916e-4547-a5f0-a27789ba1335,Customer 390,customer390@example.com,2026-03-08,REGULAR
8b3ba4f5-cca3-4b26-b6db-0b448a922209,Customer 391,customer391@example.com,2023-12-31,REGULAR
67c15c91-03d6-462c-83d6-68602467f7b7,Customer 392,customer392@example.com,2024-10-04,PREMIUM
db733dab-25cb-49c0-bd12-291499708dec,Customer 393,customer393@example.com,2024-07-07,PREMIUM
f2cdac83-f96b-40c3-9a63-e5c91d990740,Customer 394,customer394@example.com,2026-03-11,REGULAR
33253cf1-5308-4177-9de0-63d4bdd06265,Customer 395,customer395@example.com,2024-08-06,VIP
434fadeb-e1ae-4aa5-9a2f-a0469c306cb1,Customer 396,customer396@example.com,2024-04-17,VIP
49881c4f-3461-4118-b011-2c5a255f3cdc,Customer 397,customer397@example.com,2025-07-30,PREMIUM
65514ef4-9334-4b16-8fbb-1821c934c330,Customer 398,customer398@example.com,2024-10-06,REGULAR
4202e260-c4de-4795-b0b3-e218d511a66c,Customer 399,customer399@example.com,2024-07-14,PREMIUM
a521c0a6-fe63-4af0-9d7e-12fe118a1b6d,Customer 400,customer400@example.com,2024-07-05,PREMIUM
395a8a79-cbcd-4ca3-a758-79ee3f693add,Customer 401,customer401@example.com,2025-01-14,VIP
4d0b01cb-1ddb-42c1-a10e-2514aeeeb218,Customer 402,customer402@example.com,2025-12-30,REGULAR
f83f7f6f-74ec-4c46-843a-4bf7b1ee12a9,Customer 403,customer403@example.com,2024-10-20,PREMIUM
d320e9e3-1d70-47be-a1f3-24bb99b7164c,Customer 404,customer404@example.com,2024-07-04,REGULAR
c1295937-dd35-422e-8e3e-81be9ee6422c,Customer 405,customer405@example.com,2025-05-07,VIP
eaaeea24-14c2-4eab-95ec-8d61c8458895,Customer 406,customer406@example.com,2025-07-04,VIP
4f3b0a02-9ffc-4330-bbbe-6c2569796b02,Customer 407,customer407@example.com,2025-04-11,REGULAR
d2f0f05b-c456-433b-a416-6acf1ee0d4e1,Customer 408,customer408@example.com,2024-10-01,REGULAR
6d8a383e-0ee1-44de-a6c8-73ed764a5894,Customer 409,customer409@example.com,2025-03-21,REGULAR
12660691-ebc4-45cf-b267-84a88d753a73,Customer 410,customer410@example.com,2026-03-30,PREMIUM
75a5cacf-0882-4287-a3d3-740a2660fc8a,Customer 411,customer411@example.com,2023-11-16,REGULAR
73ca1113-04fe-463f-81a7-1cef38ef9f48,Customer 412,customer412@example.com,2024-04-02,REGULAR
693f83d6-ef55-4779-921d-34ab253660eb,Customer 413,customer413@example.com,2024-03-19,REGULAR
ff85210c-f0b6-40ed-99de-a27d18bb58aa,Customer 414,customer414@example.com,2025-05-25,REGULAR
027bce4f-a515-4aee-a9d4-f7a583749878,Customer 415,customer415@example.com,2024-11-30,VIP
740cf099-ca34-4045-9fd1-8acc3012cf94,Customer 416,customer416@example.com,2025-12-12,REGULAR
13479f26-3bd3-43ec-9b88-e5aca1aefb70,Customer 417,customer417@example.com,2024-02-06,PREMIUM
b5f1d471-5d83-466d-8acd-081a2f084ef2,Customer 418,customer418@example.com,2023-11-07,PREMIUM
d4de8f48-17a7-4f1b-ac2c-925815bf7440,Customer 419,customer419@example.com,2024-09-14,PREMIUM
7b990c37-2a0e-4928-8ab5-3a3451b0d90d,Customer 420,customer420@example.com,2024-01-21,PREMIUM
66bcecf2-6a05-4536-8df6-1ff2c8ae00c0,Customer 421,customer421@example.com,2024-01-30,PREMIUM
a2dd8db7-65e5-4aab-a399-a0ba3a3f2bcd,Customer 422,customer422@example.com,2025-11-21,PREMIUM
98b0fb44-d9de-4c62-8d64-00ec48bfdf6e,Customer 423,customer423@example.com,2024-05-29,PREMIUM
192b0fd4-18d2-4efd-86c4-1e83f6b59272,Customer 424,customer424@example.com,2023-10-30,REGULAR
5df52d38-821b-4406-b484-c16d150380fe,Customer 425,customer425@example.com,2024-10-01,PREMIUM
e10eb853-b0e2-4305-9d7f-9282e95cd473,Customer 426,customer426@example.com,2025-10-16,VIP
1ff65a47-0ba4-423b-9e3d-aaeeceb753f5,Customer 427,customer427@example.com,2024-04-17,VIP
dd72f10d-0c5c-4ac6-ae24-839883551eab,Customer 428,customer428@example.com,2026-02-22,PREMIUM
470a569a-bc6a-4882-bb15-52f35bd01b56,Customer 429,customer429@example.com,2024-03-19,PREMIUM
a05854e1-10c5-42a8-9cad-bf4017585086,Customer 430,customer430@example.com,2023-12-23,REGULAR
e993ae17-98e6-4602-976e-c243adc3d43b,Customer 431,customer431@example.com,2025-04-27,VIP
92e8e632-1fae-4aaa-b6f1-65ca03c134fb,Customer 432,customer432@example.com,2026-01-14,VIP
1f02f788-38cd-47b9-b9e6-f1f06a8e8a9c,Customer 433,customer433@example.com,2024-06-14,REGULAR
a6e95005-124f-4395-8355-3ea70c868bf7,Customer 434,customer434@example.com,2025-06-13,REGULAR
b95a7507-cba6-444e-a605-652cb77cad52,Customer 435,customer435@example.com,2025-09-19,VIP
5420d28e-6029-4b53-b344-5dd4f77c2a52,Customer 436,customer436@example.com,2024-12-10,VIP
4a4681c5-3d6f-4d7f-9178-b47672fdd641,Customer 437,customer437@example.com,2023-12-13,VIP
8cebfc1c-abab-429a-93d8-b3d1cf4dc096,Customer 438,customer438@example.com,2025-08-03,PREMIUM
a090bde5-982d-472b-b732-f2ff9261f885,Customer 439,customer439@example.com,2025-09-12,REGULAR
25fa72f6-e1ee-48ee-83d7-db14609fd92a,Customer 440,customer440@example.com,2026-02-16,VIP
5c9f32d8-8768-463f-b74e-3c24fdf22b51,Customer 441,customer441@example.com,2024-09-03,REGULAR
c2be9f00-dd4a-4e86-ab6b-5f76278a3b5c,Customer 442,customer442@example.com,2025-08-09,PREMIUM
efdf9bcb-256c-4a7e-863c-4752b6c2ae66,Customer 443,customer443@example.com,2024-08-31,PREMIUM
e02105fc-a45d-4dc1-a88e-9e00acb809a8,Customer 444,customer444@example.com,2025-02-01,REGULAR
481bbd2b-5534-4958-9619-347c4a6c9c08,Customer 445,customer445@example.com,2024-10-09,VIP
3a693e53-be31-499f-a719-6dfce70b8710,Customer 446,customer446@example.com,2024-01-28,REGULAR
dfd3c907-4dad-4b3f-823a-c76b15c5f195,Customer 447,customer447@example.com,2024-10-23,REGULAR
ff66cb93-4da2-4cfe-9e04-381fc628b6cb,Customer 448,customer448@example.com,2025-05-12,REGULAR
217eeab9-5d2d-46f2-9256-b567820abcd3,Customer 449,customer449@example.com,2025-05-11,PREMIUM
c9651afa-9678-469b-b086-1ab7459e907a,Customer 450,customer450@example.com,2026-02-21,PREMIUM
69095e95-7b25-4966-a091-ca8ede106a4c,Customer 451,customer451@example.com,2025-08-19,REGULAR
c7989898-fe03-4494-86a3-0ae5bbc57316,Customer 452,customer452@example.com,2025-08-05,VIP
bbfb4156-1f3f-4f95-8c67-c89c54d4529e,Customer 453,customer453@example.com,2024-04-15,PREMIUM
77e4acc4-a04c-4276-b781-038354c026fa,Customer 454,customer454@example.com,2025-03-14,PREMIUM
3eb705dc-f8ad-44dc-af29-5ccc9623fdcb,Customer 455,customer455@example.com,2024-03-20,REGULAR
c358f3d9-27d9-4973-83f7-1b3d75e4e4ec,Customer 456,customer456@example.com,2025-07-10,VIP
09a32786-5e28-4095-a458-f7e48d7f4db8,Customer 457,customer457@example.com,2026-02-25,PREMIUM
34542857-1729-4a36-9ab4-98e7767f3534,Customer 458,customer458@example.com,2024-04-22,REGULAR
a092617c-4617-4d66-95c5-0ec0fa9a83cd,Customer 459,customer459@example.com,2025-11-10,REGULAR
ec10030a-9092-40e7-bca8-3744a3d497fb,Customer 460,customer460@example.com,2026-01-31,VIP
5fa15440-9ecb-4ee4-8a78-a71f138f161d,Customer 461,customer461@example.com,2026-03-28,VIP
e59c6a67-f663-4acd-8863-eb0c66612744,Customer 462,customer462@example.com,2024-07-22,VIP
911fec5f-152d-4a04-92c1-269e7fff47c4,Customer 463,customer463@example.com,2025-02-19,VIP
c927dc13-a4cb-4193-b7e4-dda40e3fa361,Customer 464,customer464@example.com,2024-04-27,REGULAR
11da5326-26e3-46ed-b615-bea36792a218,Customer 465,customer465@example.com,2024-01-16,REGULAR
4165d5b9-7ae5-489c-ba80-d14f46a6dafa,Customer 466,customer466@example.com,2025-04-06,PREMIUM
59ffb8ee-a497-4c0c-9e11-6254f8bd54ba,Customer 467,customer467@example.com,2025-04-21,VIP
7ff158b5-cacc-440e-ae00-845c9c25df98,Customer 468,customer468@example.com,2025-10-13,VIP
0ff83a7c-d83f-4e45-8ee8-faab2ac9a979,Customer 469,customer469@example.com,2024-03-24,REGULAR
b961b906-2c2f-4714-a802-9a8d1d1878e6,Customer 470,customer470@example.com,2024-09-25,VIP
1185fa13-b21f-4a1f-ae5f-45be4b438a4e,Customer 471,customer471@example.com,2024-10-10,PREMIUM
d980104a-23c0-4ff2-a2ca-d422d1416cbd,Customer 472,customer472@example.com,2025-07-13,PREMIUM
3d52e44d-b38e-4914-a37e-1f5900bf5ae8,Customer 473,customer473@example.com,2023-10-22,VIP
728bf4ae-ff12-4e28-a591-cff19e061ee9,Customer 474,customer474@example.com,2024-07-30,REGULAR
551f290f-f5a8-429d-a2a8-85ded1bf9348,Customer 475,customer475@example.com,2024-06-09,VIP
e1bfadd8-b39e-4037-b624-f3a95dfde5a6,Customer 476,customer476@example.com,2025-11-14,REGULAR
517f726c-466f-4c53-ab22-2c04efdf5603,Customer 477,customer477@example.com,2025-07-05,REGULAR
bdc3c4d4-3f82-4cb2-8801-15fccdef8854,Customer 478,customer478@example.com,2025-10-21,REGULAR
d130d335-9c8c-4399-a0b8-6c8c333eab97,Customer 479,customer479@example.com,2026-01-12,VIP
b3e36eb5-4f7e-4ccf-b7ba-469f78e1936d,Customer 480,customer480@example.com,2025-01-25,REGULAR
fc00e2cb-e0a1-4cbf-b6a3-0680f4e10b2f,Customer 481,customer481@example.com,2025-02-27,REGULAR
fe83a70a-4606-44d5-958c-c0f97926090c,Customer 482,customer482@example.com,2024-06-02,VIP
f37ffb22-6d17-41d5-9b1a-760e4b547e29,Customer 483,customer483@example.com,2025-06-24,VIP
d3543ec5-764d-4dd0-83d6-dac6a96ab0d0,Customer 484,customer484@example.com,2025-10-02,REGULAR
1e073b9d-229a-421d-a364-4d6228f4d6b6,Customer 485,customer485@example.com,2024-01-05,REGULAR
36c8542d-a042-4c96-ac00-479889661da3,Customer 486,customer486@example.com,2023-12-28,VIP
286700a0-8f3e-4132-9f1d-1a5683dd9acc,Customer 487,customer487@example.com,2023-11-10,VIP
346d71f0-0746-4d64-a3e3-7a61277cc72c,Customer 488,customer488@example.com,2024-01-26,REGULAR
c476fdab-d97f-448b-af22-dc82f2a7c925,Customer 489,customer489@example.com,2024-08-30,REGULAR
8d26d631-b82c-4617-9f9a-b5e94b79b2b3,Customer 490,customer490@example.com,2025-04-17,VIP
3a21b8e9-8b36-41cb-a5e8-78b8e472bd6d,Customer 491,customer491@example.com,2024-07-20,PREMIUM
cdaeb6c3-ffd5-4da7-ba8c-cc4ccfe0ad83,Customer 492,customer492@example.com,2025-06-24,REGULAR
9ee6dcdd-c988-4b6c-b867-b545e211a1aa,Customer 493,customer493@example.com,2025-11-14,REGULAR
30148e70-4020-49ad-bec0-278fe76a2490,Customer 494,customer494@example.com,2024-05-11,VIP
bf953c24-821d-4434-9c15-7966baa3a5cf,Customer 495,customer495@example.com,2025-12-08,PREMIUM
6951a575-464c-43d0-91f6-53e7e07649f1,Customer 496,customer496@example.com,2025-06-05,PREMIUM
fed55c65-2d2d-4edb-99ac-0b507cc4fd7c,Customer 497,customer497@example.com,2025-03-12,PREMIUM
68a2f28f-9582-4fec-bc91-f3616a6de8a2,Customer 498,customer498@example.com,2025-03-29,VIP
61f8cac8-004c-40e2-8c15-24d4f82e55c9,Customer 499,customer499@example.com,2026-01-28,PREMIUM
