item_id,order_id,product_id,quantity,unit_price,discount_percent
e98f733c-1b29-47ca-b709-002df10d6a32,97054e77-3cc1-42fb-abbc-65897dba1754,79f01ce9-aa00-4d54-ac1b-30dd0d816e3d,6,362.61,9.1
fb5bd9f0-4924-43e4-93df-fdb4f8a74f1f,e1fa8848-58a0-4b68-aaab-c5afa09bb6d5,4ece350b-6ddd-4f38-a68d-39c5c30b37c1,5,559.23,18.52
5628a5ec-05fc-469f-8e73-fc64709c4c12,6d61a03b-ddc2-44a4-8c07-4bc01a851f72,7a796a60-a240-4afb-b936-4b2f26f8f351,3,557.31,20.35
c9f32a31-c901-4122-861f-d19fd3f54e7c,6eebf650-ec56-4eca-b0bb-2f0554f02178,10f490f6-c201-4554-99ae-b0ce09605ee4,9,363.31,2.58
e009ad7c-a5fc-43e5-895c-99abdf4e3a17,21ed7440-3ff6-416d-9bec-f20d60eace69,8d0bbc1d-d37b-44ab-a81f-b42c42032cfc,8,96.22,16.61
936d6c33-c2da-4bb0-87b0-62c75e2d7212,f1605315-8343-4878-a541-8f28b51b1809,e8ea19b1-fc55-400b-bb07-bb1e459828d0,5,202.62,27.13
9ed71edf-c06c-4802-b5ba-5710ecd03273,472af691-a5a7-4d31-a6c5-5d932623db47,452ef805-09fc-4058-8157-06791be97c4b,1,318.37,8.06
8df0bb68-8b88-46e9-9213-93d202dec858,14ff18e0-5ecd-441e-bd87-cd575108292c,0de5fce5-f281-43f8-a510-81605d03847c,8,543.31,15.69
66c1be22-d77d-420a-818a-827d148477b4,c4d119b3-db54-4f92-b64b-ef52c95247a6,1300e2b1-7a98-4b3c-946a-13a0629d4b13,7,113.85,29.73
944cf4b4-21c5-4648-b2ae-17a142c827dc,7559ef93-d073-4b2a-afb1-145907fa38c6,7eacd530-e0b2-4777-b5ac-17afb6b605c6,1,106.66,11.41
f0b8304b-4070-40af-83ee-e6a82a531412,7559ef93-d073-4b2a-afb1-145907fa38c6,984dd28a-1e5f-44c1-94bf-abc3491268d9,2,11.28,12.25
c503e113-4416-42ea-b92d-c71c575946cb,30fa1106-4ca4-4fd0-bd30-e95ca1eeaeba,cf917dab-b2be-4a67-bc4b-95c4b3311382,4,182.16,12.15
f2bea4c1-c338-497f-b400-1c86fa1ecb9d,ecddd676-950b-4d6a-be83-e9616fe3ae44,049697b6-e87a-41fd-bf57-93a0294a0ce8,8,42.83,27.71
c30904c2-b56e-457e-abb5-d66cbc88683c,781c4158-0997-40cd-b24e-8358bf24c977,8a76ff7e-2bcc-4cc2-ba28-a2e82e3268dd,2,14.94,17.36
3c1ea288-3cf2-4d0e-8c97-85139c57d297,ed3424e4-2be4-4905-82d3-f3e4d77aa926,0924f2de-86f3-48ab-a2ec-92605113c9f7,7,539.71,5.67
9b1f9e8d-4a5c-41c8-bc4f-17c0ed824aa9,ad49e7c1-b185-43b3-aff0-fd915f86f068,d1e9faca-ecb9-4419-8462-96b01f3c2e79,2,76.75,11.16
369d413f-6000-4af7-8581-138100646b26,49a8ccea-5d74-4ab3-883f-6a31fcf1595f,02e41628-54f9-4476-8e88-5d6c77bbdfeb,4,47.8,24.54
5398704b-52d8-49ff-bffb-aa8602fdfea1,f91a0c27-d6eb-4b1c-948e-268437428b90,8d0bbc1d-d37b-44ab-a81f-b42c42032cfc,8,485.23,3.65
1efca903-fb3e-41f0-9b50-e806371700e1,2dbe62ec-883e-46b0-ac21-b8111c202edf,fb91179d-070b-4e73-a2c9-c5a0d54dcae5,6,40.52,15.42
4a177a31-5711-4de6-aa0a-e768609080dd,56f946f0-c7a0-4258-9c10-36b085a52d30,7f6d5991-3bcd-44e3-a066-c1ee6c18314f,4,433.45,0.17
6001a500-f1a8-4097-98e4-dc0fa41be05c,c0fb33df-a409-4ffa-b267-5fa185100bf9,1abf075b-5778-4528-9068-2644aadf036b,10,101.07,24.13
eedfe9d7-2ff1-44e9-9742-86e2ea1e3bf0,775dc260-0de8-4349-bfdb-8062d9b903ae,4dc10593-28b3-40d1-9dd1-d55263ccccf7,5,411.03,17.73
c71d3219-7d79-48c8-b2a4-cd8928843a07,9f8b0c9a-e567-4289-9798-19ed686c1e4b,d762f982-ae4c-46e8-b3b5-635455883a71,1,104.41,20.23
3bf6cd16-c52d-4beb-9fb3-7a7a33b6a3e2,c7f6bbe3-bd5b-44fb-9610-6a3972c2a970,049697b6-e87a-41fd-bf57-93a0294a0ce8,5,523.3,11.18
832e59da-1cea-46fe-8d93-776fcf0eda6c,3508ece5-40d3-4a3d-97d3-31ab50dc1c72,26008f5a-41ec-41d0-993b-1ab2fb21e89b,5,469.3,20.28
da73a5b1-76eb-44bf-aa52-bd945396ecc9,ef7250d2-d6a6-4826-b9b7-8ceb03c52989,0924f2de-86f3-48ab-a2ec-92605113c9f7,5,81.14,17.36
ca99350b-c9a9-4b76-a15a-1df63515ef91,c7f6bbe3-bd5b-44fb-9610-6a3972c2a970,e2b293d2-0e14-489a-9dfd-dfe0d9b46111,1,569.04,19.19
609c5e50-535f-4faa-8020-d5f7f526fb44,e023d9cc-3711-4775-8ec9-4e83733da9ce,50c6f235-9f75-4e27-8bc7-890f81a2e512,1,316.61,21.61
c467406b-4af2-448a-9ec5-cd416c6ce05b,6ad47661-f102-4ec7-9935-72920c6582fb,c96555a2-57a1-41da-9a03-ea10e2f1df02,5,238.41,24.16
3a9279b8-f181-444f-a50b-d6f4cbec1467,4dc9c6d8-d773-4520-9f0f-898dab1cd0c8,f6e5a896-1ea5-46b5-b9ec-46ebbaa8e5c3,10,215.3,27.22
2ba0222d-62d9-4b96-ac8a-7769737c82ce,91287ede-9cd2-47e9-985d-07f39ccc72a7,348d42be-0d2a-414a-983e-b5257d62c0ba,7,500.99,23.49
eeeb56b6-7831-4167-860f-b4bdc390542c,802ad261-7fde-419e-b56e-1958a40680bb,13c4f0de-19b0-4120-bb53-840a77df735c,1,158.53,14.01
d6a96e4c-e6eb-452a-9898-4104d191ed56,f63bad29-a2c5-4831-9bc0-18c10b174ee6,a399d3c8-cb43-42f9-99ff-e7ff8923d388,8,329.52,4.84
03778017-2f81-4312-8628-1372e51e601b,53ddd746-440d-4a3a-aded-4ce6c24f3264,8796a647-c996-42db-9002-d0d0e57408a2,3,284.35,13.95
fcd6a52d-5118-40a6-ae53-c47116e685a8,002650a3-565d-4194-97b0-396298eefc34,795e4402-3873-4d9b-83c6-75374cf8d0f0,7,493.92,7.31
2744a942-b815-4f65-9cc1-f77a7a5f97a3,5179b045-0bf0-4cc9-9aaa-61d0aee181da,16c8187e-957a-4ddf-8ca9-42947be5ccef,4,168.43,21.61
35ef535e-822a-43ff-9617-d57f2cdb77f0,bb7f23b9-f5b7-493f-bee5-f3431628eace,bd8e4ee0-292a-4c69-8877-fd64508895a8,9,76.3,0.09
1f2105c9-2fcf-4880-8e14-afe7d39177b0,2f880c2c-1cd6-4f3d-8767-6f4b37a5d984,0150c37f-6fc7-43bb-911a-71c43e48ce04,8,48.08,28.56
7da8a87c-0aed-4f73-a515-ca0fb6eec2c1,e616ac5a-64cf-4d52-8eef-4721fdc3f612,6c59c10f-bc4e-4635-bf23-ddc76f211427,9,111.7,6.73
6b914054-c01b-4b7c-88d4-e263d6407565,697a61b7-e92f-499f-a813-79bc38753e84,ec6603c0-dad2-40a6-9c07-077d48257c01,2,129.26,27.38
4c1d75b1-8095-4cb4-80a8-f5963001dc8e,fe32295d-ac1d-40cd-8a10-9016d7961fae,8a129cd6-04a8-4adf-b8db-c6b4e827306b,4,213.12,10.6
a93192c1-223a-4213-8bac-f093e7712c65,4a596830-b000-4e9b-8a1f-57316ca60e73,771d943f-a1d2-4491-8575-2be1b19f96a9,10,500.91,19.43
96e743f1-d2c4-49cb-a710-43dbf9352afe,b0e1c88b-1375-4c45-9d48-95fb3277e791,f01e2509-f370-4b88-b49b-7b3654ed132d,9,117.07,9.39
9e7dfec8-aaff-4734-a949-ee05a9e9c5ea,13dcc8fd-8f0a-4942-b9da-25d9b8b140c4,30bbe51c-1fb0-4447-b63a-04045e43c7c7,-2,415.4,1.67
5a1c932a-46d6-42c9-95f5-c9beb7c74d9c,bfb8cce5-2eb4-44d3-82b1-c867cefc2790,b2ddbe98-69d8-4d95-8916-a5416308b4ef,1,94.2,18.14
9d2b733b-ade8-4dbc-ab78-1498b2cc67ba,bef6eba9-f5a3-4a1c-a444-7802874e6e55,1d9ae587-1041-4544-bc27-70d40763f5a1,9,235.28,22.63
abcf9824-8b42-406c-9bb7-d31ce823bbb5,400c9318-b7ed-4d82-ab97-23764f5f8a37,398cc6bf-e1d2-4568-865c-5d1d48f89580,2,555.86,28.39
a8614b4f-ef08-4ed3-a262-98966681bd7e,ae48a68d-574d-4051-9dfc-7b34e90a0350,7c8689ef-1855-4870-a592-bb8f2120eb46,8,180.11,19.11
7aba01fc-dfb4-42c8-86e8-4aa8bd31c316,b0e1c88b-1375-4c45-9d48-95fb3277e791,0f58415b-1868-49ae-af9e-856a2e740124,2,467.44,9.1
0a4d969c-cee0-4ef9-919f-b2057808346c,978707bb-4110-4994-afb5-5aead9b6db5e,7f6d5991-3bcd-44e3-a066-c1ee6c18314f,4,523.66,6.84
6dbe6f5b-6fe3-45f2-be78-f85a062128b9,5aeb1bd9-10c9-4021-a3b0-8e1ae334aab7,9def823e-d818-41e7-b6f4-81334fbe863c,3,360.42,18.31
9b42aba4-1057-4431-9d53-d8820211a887,1370ef3f-9072-435b-88f5-cb1cd12fc61c,f328653f-bdbc-47e1-bf34-d5380dd84838,3,165.37,17.28
5ac97f34-349c-474d-9d36-04ccebfe093f,468753ba-c30b-4e31-8997-f3d57aa083a0,ef225b0e-cfed-449c-8553-3cb4aa647037,2,567.69,0.89
36b14a61-0401-4368-a497-97ae47d20e37,01ae88e6-6ef9-438a-9a86-c529adccb5d0,c9dab3da-cba8-4e1b-b67e-c16bea1de5b4,1,287.31,4.92
4d81fbf6-b5b1-43c1-b696-788e1ac9c34f,8891819a-9418-453b-b4a5-fe055bd08634,2270e843-1e79-4976-9ab3-ae9c75847838,3,520.8,29.46
22737c26-7463-4051-997d-05b323b7596a,b3450ff0-16b7-4652-8611-b6411e225d58,1d9840f6-324e-44d9-8656-1a7e86e93476,2,450.58,24.2
cbb91a18-f1a4-49ff-9aff-91cd592fd8c5,abe36625-8a6d-472c-8292-bce813cac6ff,40ab8d3d-2b46-4bd1-b53f-3202dd64bbc6,9,121.23,0.94
2c7ea313-e065-48fc-8640-857ed893e3a2,327b193a-ea11-401d-8f57-a78e11ff672e,e17d2f10-e305-4e76-bb53-042981479b95,10,266.66,21.86
80ffb7ad-2402-4d30-83f8-8e9d8dd9dd3d,13e41599-6a2d-426d-9bfd-ef9f67175a2d,f832c306-7d15-467a-a5a7-a2cb36b38aca,2,447.23,0.32
b6c615d0-394e-4da4-887b-8dc06a70eee5,71954eec-66bf-4139-83d9-479732404553,ea32cd78-88c0-4628-8591-a66c93d772a4,1,101.77,22.59
c2f6240a-7d1b-40f7-946c-b5d92f37ba49,d7a7f8a2-1af4-4a30-a0b6-cda4b5c15659,224af4cc-78e2-4723-a9b9-4c64d56d0bc0,4,229.75,3.06
087730e6-5768-4f34-9804-50df02fe4dd2,802ad261-7fde-419e-b56e-1958a40680bb,a7e25ab3-702f-4896-b69d-6a380217b121,6,574.26,9.13
fa343b42-7af4-4d07-8265-19ae241c80dd,149f2386-b6c9-402a-825d-0bb6b5ac3b91,74494a18-073d-42f0-836f-041339757ff9,5,512.1,16.48
d15d42de-1f1d-4fff-9c5b-c9952f052271,a9d80da1-be3f-4aa6-8b15-414ea0cb28b6,06333be1-00da-44bd-a903-c3b26f6d6386,7,398.18,7.82
7874956b-84a7-43eb-94b2-4db867929204,f18f787e-a54a-498a-b90a-1c6f515891c5,227ac9a8-866e-405c-bc08-a866fd380642,6,501.12,3.29
71a3d7b0-140e-4cc6-90ba-0fcc4411a199,acd824c7-e424-4ae1-b98f-be53ed5e1808,638e0f61-ea28-4fef-99da-a3bbd6ba4b55,10,334.3,0.78
e6db5447-f065-42d9-a818-672c71433a71,d5e7ad61-63c1-4c91-a9e1-01ecf83d6598,dfb29027-eb29-49e1-b718-9f0330c091c2,2,425.5,13.31
55678d5e-ded4-45dd-8b1d-42fcb56eec15,9e679648-dea4-4523-9e21-7bcab3c4d94d,cb5a62fc-bb9f-4610-a014-5b2108c41a0b,9,201.85,27.04
74d0886e-01e8-4cc6-b5c9-2416067223e3,d20b499a-97db-4e18-8cec-b09d0f8affbc,96693e54-d6e2-4047-9b83-59ebc397b7bb,6,408.11,27.79
1954faca-303e-43ae-b327-52e4a843a721,e286976d-cde4-4744-83ae-985ee426fd92,f219e900-2b06-4eba-b659-ed71d78678ff,6,165.16,22.3
0265f0e0-7ab2-4e10-84e3-8bb2dad7271f,4dc9c6d8-d773-4520-9f0f-898dab1cd0c8,61e93218-2afb-4e86-97e4-ff02eaebf8b0,10,168.01,15.37
277bc63d-f10b-4258-b570-2b5cc634294d,00ff8abd-f281-41c8-9326-7e473266491e,7e816ffb-f5ec-479d-b1d0-3b997efe46ee,4,97.27,29.15
3bced408-d899-4825-bac2-fdea349560ba,4aceddbe-0e14-4c48-8cd5-efa6f57eebe2,eea1bfa7-0795-45b0-9298-b9eb2f1a27a0,7,111.44,17.53
c7bef87f-cb9e-4f2b-bcfc-1d2b287260ee,b514f760-b0be-4b34-877e-31bc468bc0ab,1060eb1f-22a4-4efe-a1e4-f28ef2d584e6,1,112.46,3.78
385b4096-068b-4c98-822a-ffa4e2584f40,5f482879-5511-4b3a-bd34-49f21c9eb247,1d9840f6-324e-44d9-8656-1a7e86e93476,7,55.06,22.69
416382df-5fbd-45ff-bced-f7584c07d42b,7ca5d9b6-ba38-4318-ad32-0357ef262b19,8bfffc49-aba2-4843-8df2-c325e089ce75,4,96.3,26.58
bd38576d-38e8-466d-88fd-7ea8dd57bd1d,b601841d-bdf3-4b72-9fe6-92444496e381,af746768-33d5-49ca-9fe3-2114df5157da,1,115.16,10.3
cb2f7a8c-9940-42da-ab4c-fd6be342f11e,21ed7440-3ff6-416d-9bec-f20d60eace69,8b1cf094-9102-4620-b7e8-ea3f25ed3b8b,9,335.63,3.24
9444fecf-c262-4831-a24f-f9d50289dc4c,30fa1106-4ca4-4fd0-bd30-e95ca1eeaeba,a1693e31-3993-4688-8cc7-cd30665411e8,2,273.59,5.08
1ba99b03-d5ff-45e0-9d41-ddb27ca02e5e,dcb37172-7562-4af6-b9b0-8596e26ff1c4,7df75deb-3138-4bc7-9441-78c9b48a9533,2,433.4,21.81
1d143483-528a-47bc-af9f-aa9059a55db3,e023d9cc-3711-4775-8ec9-4e83733da9ce,326e738a-ee45-412b-b274-42170931dcde,6,426.33,9.52
0641a2b0-c35e-4f49-a93d-37697ed47749,cfcf70c5-c496-467e-97e4-89f6bef22c04,ec2c8da5-e656-47af-9696-963e1d99fd6e,7,442.28,18.96
44d13135-e31b-4eea-a730-f589f7ea6f65,9a757493-3de2-4366-b7e8-2d5fdd3edb85,01a5bbdd-4407-47b7-a189-f450d0a9cd9e,7,499.78,10.68
2164968c-3305-4226-b92e-27f9bcde3beb,dca5cdbb-1515-42cf-a830-b2599732e3ec,a399d3c8-cb43-42f9-99ff-e7ff8923d388,8,276.3,28.73
8450f403-1166-47bd-9843-06382e92cea1,931a534f-7014-447c-b97d-6f7dbfce5ebd,f3a2e0d6-f4fa-41ed-aa68-c4db43c0a924,2,546.86,14.57
b7b76c92-8e85-43ae-89a1-25ac14f15396,d5e51fd6-866a-4437-bfa1-e7b84cdf605f,747089cc-2b57-4f36-a485-b4de565e4bf7,7,482.11,25.16
68592a7f-ac8b-462d-84e3-ae45dff3f23c,3605c227-5e9f-4a11-a679-3be2d70914cb,73defd8f-6547-4d45-b44b-aae0a5f7fb7d,10,449.49,29.74
52f7c567-c4e8-44d8-845f-a748f3ba660c,265cdeb3-1249-4180-8589-5f5410ed8750,adee571b-2cf7-44e0-a43c-00f556270d29,3,26.65,16.47
0d7ecb34-e8b6-44b8-a41e-9a6b74f326b2,b3bc03f6-5da2-4916-8c77-7822ac1ebe18,c97b8cc8-5d47-41d8-bcbb-3efb4b56b05d,1,200.24,29.31
dd94bb01-8b35-4409-99fe-6fb4821fc3f5,5e4c3fb6-eca6-425a-a959-351c4e8245fb,de60e6ed-a150-4979-aa06-e8c1d2c9a055,7,88.62,3.75
45079bd2-c7b3-4214-ae8e-80aa1f8cf016,65a3fb92-2116-4c18-aa17-e0612a30775d,a9d8fe71-06e8-400c-8441-d9723cb2664f,2,518.75,3.02
ad840089-1d72-40a5-aa1e-5a402cb3ec01,d4685370-8ba0-4bb6-9093-52c49a133106,2724eb5e-71d1-4f45-b979-7fa6e9237d2c,6,30.28,17.16
f90e9f7e-f8bb-4b45-a427-ed6cc81442b0,d5e51fd6-866a-4437-bfa1-e7b84cdf605f,66e40b78-e589-45a3-b19b-715271e034f5,4,249.05,26.64
3fabaf17-9c0b-4713-8292-9e4870b05227,593be9c8-0643-42ee-8c20-82aa11b497d0,190b7d0e-b350-4363-99e8-e33ef6fb88a4,5,451.25,15.27
31542cb7-ab7a-422c-aa81-48cfd719afca,81744652-c444-4be9-a45f-1490b658afa4,9d490740-088b-4cfe-bc5b-646c424c3e17,7,179.79,23.55
ffe10c5e-64e2-4c26-b779-c5ff3ac644c2,68e6db82-7fb2-41cb-b49b-e90c733baf7f,30f28588-c509-4687-b00e-7b0d68c894f1,3,22.57,13.02
ca9ed81f-61ac-481f-a8e6-c5f999584e48,b30c4667-c55c-4be4-b44a-ce143870d1b2,8808de6b-c3a1-4503-84a6-abef07c40355,1,50.55,26.59
be96150f-1d03-42bc-b953-4c4817051b2b,a87d1bf3-a2aa-4cb5-bd93-c3d35c0b366e,2b470f91-1144-4a33-a0dc-98dd9d1d1a76,5,407.51,28.97
389e9a2e-46be-4c34-93dc-40b0c7e05173,b0e1c88b-1375-4c45-9d48-95fb3277e791,b421cbc4-869c-4a1a-9148-cf5d8d898d65,9,467.81,16.21
12f09bf4-179f-40de-98ff-74f33e3416c4,e4e8c3be-db2a-4f10-860f-d3fd9c4b3b09,6c1d762f-5697-4c54-bb76-e5d3e8831fbf,6,521.43,15.68
1d2c1bcf-bb66-43ac-b0d8-6cea1d47058d,acd824c7-e424-4ae1-b98f-be53ed5e1808,3039094f-03a3-4a04-85bf-f57b85c1c69d,4,526.51,26.34
3a7cb772-85a5-49a4-815b-98380e521d58,ce326a83-81c3-4fb6-adfa-f4feda37080a,9c0fc7de-4378-4b03-88d5-b35b9b49cb79,5,481.38,27.02
6c6fee49-22ab-43be-bf71-afec5ee97203,b30c4667-c55c-4be4-b44a-ce143870d1b2,f2d3b676-3c03-48cc-9194-b4a2c1be8e36,7,256.97,23.88
381983d2-42dd-4ff5-ad8e-3b95c0d837ba,85d7258f-0dad-449f-8665-c010b87af68b,820d2451-3832-460c-a4f1-87fca44b097e,7,64.8,18.81
cc97137f-8c34-431e-bf1b-0b40cd5930b8,f976fdce-7c49-48a6-883c-583c6a6497aa,93aaaa53-7a3e-4229-b4e1-51578fdba1e1,5,97.44,4.11
f5e2cb5d-0e04-4fd6-b8b7-311b833a55eb,f1b54462-0ea0-4492-9079-c9ccb04f5876,b29043cc-8754-4e07-aa1d-1064484f3928,10,536.23,4.99
db2800a8-bf99-4684-b419-d0bc7c794939,18fef1e1-44d1-426f-a292-918dcc421776,8ef0bafd-4e30-4635-8126-bd214d4fd3d0,1,109.36,10.98
3865832c-5719-4a04-8057-72f45ba58320,250daff7-c37e-47ec-8e0d-59fb16a3967b,88fda90c-9506-4364-a766-c2e912cb0660,10,25.67,29.24
56bb9f84-89ce-4d99-9cce-0ab0cfcbda16,89eb90bb-1789-4f57-acec-d35be762f34b,b746c632-8b4f-4efd-88e8-b4fb14b9bd3f,8,10.47,16.56
5054ff48-344b-4a30-869b-58cc19251031,d945154f-92e6-446a-b93c-2909daadaaa1,b4fe18ae-5918-42b1-96da-2b8cb0e7390b,4,318.62,16.18
ccd433c7-9c8b-4eb5-a032-99a9ad1eb7c7,a1126912-2802-412c-b256-1720e622066a,e1d295ff-ab65-4dbc-b846-71fe0b045fa2,10,89.39,5.35
a58d18dc-b40e-45e0-af01-a2cbef84c2b7,96b0bd82-4fc8-432a-9196-cf1462d1ccb4,5c804ad4-1a35-42af-b53f-f0f32d5cebcd,5,404.6,12.86
3a0a02fd-b68f-44d2-8847-ed7bad6c25e7,c4202af4-0aef-40ec-8b4f-4c76e2ada080,f67b0dd8-91f8-4ab7-94b0-756afb45da4d,9,416.11,14.4
45e1589c-f277-4d22-b405-892d24454719,e948f143-76a3-46cc-92cf-139d1b401542,f8787369-ba82-40f7-a172-b21160f18bb9,10,166.13,6.72
edb5d3bb-89b3-4390-9bfc-89bd0e444012,64db6d8b-3ead-41f2-ba9b-0eb5f4854d2c,dfb29027-eb29-49e1-b718-9f0330c091c2,6,556.74,27.83
71d958ac-5f3f-4c2e-a1f7-876f458cd6a2,9f04afd7-30c0-404c-99e8-e5779d6c8b63,c06cc968-350d-4952-905d-a53805db5912,6,97.05,24.67
5d84ac2b-bf00-4cd2-863f-e076d2351fac,0d81f9e1-84aa-4d4b-b785-db9d5c0c65f0,b32edb43-b94c-4b7e-8995-ea2f8c1d93ea,1,124.48,9.84
2c1ac5ad-3617-4d0d-bac0-8cdfc745a13d,840b691a-6101-4746-92d5-3a824ddc2bab,987ae68b-1a92-441c-a6cc-3fc00a0a5d20,10,271.44,14.31
be901546-3edd-4dd6-b33b-fb87ece9f888,714b1178-d421-4322-82a6-ace538353f92,f219e900-2b06-4eba-b659-ed71d78678ff,6,494.32,8.58
04bee144-f5f7-4c7e-ad17-97e6be5fd3d5,347bd641-0bb4-465d-a3e9-517f01fde714,1300e2b1-7a98-4b3c-946a-13a0629d4b13,2,417.05,0.48
db61f740-0f3f-4a11-ac51-b4214d7b1906,1a1de562-23c4-4037-81b5-5f0ba285d61d,7e33ad59-3a5e-40cc-9d61-7186d9c92f9f,6,176.13,16.7
a00652aa-fc2d-43c4-a773-a57ccc21b1ad,ab454613-03c3-4e5f-b62d-aac5c77c3675,4313732e-6cd2-4e32-89da-f8ea03422a86,2,123.3,28.32
206b808c-c707-48f6-b6fe-d6bd267cac4b,a87d1bf3-a2aa-4cb5-bd93-c3d35c0b366e,7113a70f-ad71-40ff-962d-8d7b06040bbf,4,325.84,14.6
cd95f2b8-6d3b-45c7-aa05-7bd4b6da41eb,b035e86f-7c15-4c61-aadd-4dcc0b2903e1,e470b3ba-2e57-4ad2-85bb-15cb6f6f11cb,9,316.38,3.35
8bb0ae8e-320c-4f7a-ace9-a100d8a741fb,2a957c9c-f982-44d1-8238-6a613ef3df63,e0193bb9-96fa-40cb-b1e3-f4a428f618bb,6,295.43,4.16
9841c424-0363-43e0-9391-77ff351700e4,ba554568-5ab8-4af5-a57d-c789fd3c0ae3,0ee9a357-4f10-484e-b738-fa6b7b7720dc,4,549.27,20.04
31101f95-4ced-4724-80b1-ad639d0a1773,978707bb-4110-4994-afb5-5aead9b6db5e,b7dbae64-4744-4bd8-b9ac-8d4676d30688,3,477.58,8.32
a6e644b6-cd24-4573-a810-bdab47b4611d,714b1178-d421-4322-82a6-ace538353f92,fb91179d-070b-4e73-a2c9-c5a0d54dcae5,1,182.21,25.55
3c4a1618-21da-45f5-8673-28fe6e365bee,bfb8cce5-2eb4-44d3-82b1-c867cefc2790,7c329c1c-0fdd-4b2b-b76e-32c0cd50851f,6,494.48,13.89
1298f404-68ab-40a5-8b00-578921d00d41,bd27e026-fad2-4501-b9b3-7d3e7f6c678d,dc2a155e-f7ed-47ea-9891-741af287a331,10,486.18,28.72
72088eb2-53ae-4630-9375-7af87d3d30ed,19b1c5a9-298f-459a-9944-db5e7660b9ff,bf64d0e7-8cdb-4b21-bb54-4b4660b71a55,5,271.22,25.97
fd7f9337-ae3d-4576-bb0e-1858340596b7,98e50d24-e87a-4345-8b76-c3bdcf07f07a,26008f5a-41ec-41d0-993b-1ab2fb21e89b,8,379.24,16.4
3c8812a9-70a8-49de-86f6-ce8701a57094,840b691a-6101-4746-92d5-3a824ddc2bab,75b1534d-3fb7-4cbc-a193-317380227d4c,5,485.97,11.48
4869c496-a614-439c-acbd-98d2329c175b,86b612dc-de07-4b50-b26b-cfea8015735a,4dc10593-28b3-40d1-9dd1-d55263ccccf7,9,337.78,26.14
4f5422b8-ff9c-424b-880b-b757b8d1b6cc,e83bd542-a148-4993-948d-daffe5ff726b,ff5a24cc-66c8-4ad9-94a8-1ec2c5339076,5,97.33,28.51
a64a11d7-391b-4dc3-969e-165879fff440,d391ff81-b1fd-4f08-b547-f73547e44e07,22431d1f-7eb6-4ce1-8813-5e61c53c086f,3,411.53,12.15
93d3a9a0-fcb7-450e-b479-d4c8f0299a45,e20d165a-52cc-447b-b0da-53984f6aafef,b96b0e05-3061-4bd1-875b-eb7f069419d2,4,49.28,10.69
05285589-1060-48ce-a074-507c9d6e497a,0d81f9e1-84aa-4d4b-b785-db9d5c0c65f0,7e3bdfdf-0a88-4066-8c76-3d4c4c788d4d,7,203.94,10.36
197bae3a-2113-4cc9-b407-94cd0d6eb192,30fa1106-4ca4-4fd0-bd30-e95ca1eeaeba,9a93be5c-f0fd-442b-95b7-600ff164b9cf,3,563.96,14.17
65596c03-0a31-43c2-8806-b74821f3aa39,6444bfe2-1255-41be-99f8-f6a31491ac4e,76491416-b38a-4cf0-81d8-c0c1ac29c357,1,254.15,6.57
cc737b06-a981-4d03-9487-f79477badd87,09b20461-a6bd-4346-9de7-1fcf4d437a40,111a1427-44e3-41be-ab9f-bfc6fa582de1,8,122.59,21.56
1bcba451-c9ea-4e65-8403-88b2663b2a45,2633490b-af9f-460e-bde3-aa4347794b3e,68f47089-dc3d-4540-a6a4-a0f41ba1164e,7,329.02,12.83
79a7a8a9-3edd-4b63-b2a6-be68ecaecd09,427ac712-e6a6-4019-9fdc-2fdd1edfaf40,519c4de6-d3ce-476f-8444-6dea8d03ab87,6,133.28,21.85
ca723a77-0fbd-4753-97a8-0f35ca023723,09b20461-a6bd-4346-9de7-1fcf4d437a40,ebf31261-c906-4d82-97c7-de662faa2855,10,551.49,1.08
06dbb87c-c5f1-4a98-9936-4ead81b03c3d,ed3424e4-2be4-4905-82d3-f3e4d77aa926,fa7a1715-7467-4dae-9bb3-c412205cf6ee,8,466.02,12.64
075abae2-fabe-490c-b81d-08e25c9869a2,f74bfbaf-6e5b-42b2-b90c-1044e9f11754,2e0f9db8-6461-41b8-aa16-8c71c0dec035,5,314.93,21.14
928f36d0-8c5f-450d-94a7-af3a53e397a8,0f7bfae0-ba34-4f6b-824f-9316f3b3ac98,31c42a86-5fe3-4a79-88d7-3e9962fd91ba,7,81.21,9.02
27e05d5d-2bc2-43bc-996d-bbd26f14b424,67eb17d5-d283-409c-ac8f-6ff1d14c7f2d,0b636b44-6dc8-433d-9b42-b64d73068332,3,197.47,26.64
bbecf44e-e4ee-4d05-9147-25a1a4691a24,427ac712-e6a6-4019-9fdc-2fdd1edfaf40,1d9840f6-324e-44d9-8656-1a7e86e93476,1,408.83,13.09
60bc3ef2-7b8f-414a-bc51-2fc820501f86,3c4c3892-ab59-4faa-b159-da25314306f6,bda89fe4-9764-4ce2-8bbf-a19d01703690,8,129.53,14.39
acd24335-811e-46b8-b1a0-f661433fe31a,28932710-f844-46ad-9db0-d4723f5485c0,16e21785-2218-4d08-8c26-c8814c2f455c,2,155.9,28.56
833eb8f8-8294-4dd2-9d8f-8379b74e37f4,29da7896-6624-4043-b597-09d60541978d,a9d8fe71-06e8-400c-8441-d9723cb2664f,10,211.19,25.2
cf0c08cd-572c-44fe-b033-ef5aa85c7bf1,7447a485-ad0a-4056-8cf8-4b76b3448c00,0150c37f-6fc7-43bb-911a-71c43e48ce04,9,429.68,11.05
df1fa80b-acaa-471e-92cb-af89bdbdebf8,1370ef3f-9072-435b-88f5-cb1cd12fc61c,f6e5a896-1ea5-46b5-b9ec-46ebbaa8e5c3,7,217.16,11.66
49603962-db84-42f5-b3bf-daa7baef8294,7f1cbe17-5af8-4614-8d77-d27a37e1e539,7f811906-e536-4a68-89a2-cd8c66e36ef7,5,61.91,28.88
07145e0b-a1a0-44a2-b217-4de401296511,0df3188d-af8c-4eb8-9468-ffb2054f6a54,7c8e6e71-4cc7-4d6a-b8bb-60e695d6551d,8,234.06,10.44
bf25dc8d-5622-4d3f-a26c-fab87e09fe85,14ff18e0-5ecd-441e-bd87-cd575108292c,79b18bc8-15bc-4547-b410-01e9480db095,7,288.49,21.83
379f7b69-afe3-400b-bcab-d854fa6033e5,149f2386-b6c9-402a-825d-0bb6b5ac3b91,f8787369-ba82-40f7-a172-b21160f18bb9,6,300.84,7.94
5766e812-2eac-4207-89d7-573f15fb8841,cb0add71-8b13-4a95-ade2-5f627e88443f,c8f833a6-06ec-42dc-b051-767ade4f94e2,3,447.09,16.26
f8fd87d3-9c3b-4c47-b60e-cfdd27aa2871,13439b5a-804f-4ff4-b426-feef58f911f1,4054b94d-9171-45b3-bc23-0d90004adfa5,4,555.11,25.91
d7201430-e193-4240-9e37-b101c9b1dffc,5f482879-5511-4b3a-bd34-49f21c9eb247,c8910970-1b17-4fe0-8592-875c65fa788b,7,23.13,4.37
d90a4a69-7fcc-437f-8b21-3a82ff72df40,724af055-cafe-4559-b0e1-77b81fb8fdd0,a365d0c7-946b-45b8-ae0b-93279541836e,4,172.63,14.56
6fb54366-76a7-4cbb-93c2-a00d41c6e028,1ba3c840-3d12-4874-8385-2ea03bc7e79e,4054b94d-9171-45b3-bc23-0d90004adfa5,9,581.91,27.13
6d855889-13d3-44a1-94fe-e04d5bd24187,29140886-36ba-4d23-975f-0ed73dfd83f9,61e93218-2afb-4e86-97e4-ff02eaebf8b0,-2,452.02,27.57
5945cdce-62e9-4075-900f-6e65c75db96a,b601841d-bdf3-4b72-9fe6-92444496e381,b1317113-29af-4b35-8be1-568429a4f4ae,2,297.31,6.95
24256a79-858d-46f4-9011-49e9c881df06,51a427b1-8f12-4d96-8a83-0fd6645e6d12,8541d620-c853-4fc0-b4e5-77e4972812b6,10,320.48,13.34
7b30cc8d-b7bc-4919-9cee-32afd67c576a,8fceec65-d6e0-41fc-b863-c4a9714d864d,8fef164a-e33f-4224-b68c-b2a65dcfb6dd,7,150.74,26.23
cd350e05-5b17-4161-b80f-334d5b6433e1,33fd1d4e-ad11-4859-a683-a63db6daa70a,5a1f828d-520f-4047-aaec-762772640939,5,81.63,22.65
324655ec-b605-44ec-bb45-cb45ee0b17ba,82f6f117-e72f-4bd7-a69b-594b4ad0a5c4,820d2451-3832-460c-a4f1-87fca44b097e,5,488.78,18.71
d41d698f-dc11-4d3f-8231-7daed5345d73,6444bfe2-1255-41be-99f8-f6a31491ac4e,f6e5a896-1ea5-46b5-b9ec-46ebbaa8e5c3,9,324.49,18.59
59658254-b18f-457d-bddb-ab31d686e685,6a4e6b07-a15b-4406-8563-4aee8f2886dd,56604ab8-4d58-4da2-b8e0-a709d3b45fab,4,338.99,10.86
27e16b46-5811-4532-a904-6b2d7c048106,6f975791-adde-4534-aad5-58ba8be435cc,820d2451-3832-460c-a4f1-87fca44b097e,3,82.9,24.61
90b76d77-8844-4230-b7b8-3f40d0755ca1,322f31f5-8ddf-4345-a25e-b642b5d34507,f3203d89-320f-4305-944d-c4f35fa42e81,3,148.59,2.63
0bbd7665-741a-4ff9-b34f-23ff6ba8acb8,b2acb851-d126-4406-b97b-c5a89c802d8a,05625c47-bd91-4054-b59c-9b4541c80b08,6,354.71,12.61
252a8ec7-7f19-4fe6-b822-8b29c44e7b94,53ddd746-440d-4a3a-aded-4ce6c24f3264,040259b8-5218-4808-a18b-d971895a792d,5,130.93,26.81
3285f295-7d1c-49d6-a4fd-1e5cd83bc999,5e4c3fb6-eca6-425a-a959-351c4e8245fb,e701ec81-3cb5-4faf-a1fd-8067878a7d64,10,270.11,4.77
11a883f6-5a90-4fac-8f68-c8d3f8550e5a,5bc27635-b15d-44bf-a9b0-35a11418417d,44a5d4a3-8b1e-4e07-b89f-05b00425899d,10,546.98,0.7
d16c4a3e-d1c0-407d-962d-d3ee760f9580,38a792b8-d64c-4c06-82a5-08bd8d75100c,0924f2de-86f3-48ab-a2ec-92605113c9f7,4,160.4,6.57
76cc33ac-1423-4352-8150-6ebd3a0fc221,b754c590-c14f-4401-82e8-b0c20b6116f9,a734bc25-98c5-4bb9-9fb5-7cd6e5cc37b4,7,77.3,5.27
6e2760ce-c97b-49eb-b59e-f28dc647bf7c,6d61a03b-ddc2-44a4-8c07-4bc01a851f72,ebf31261-c906-4d82-97c7-de662faa2855,5,387.71,14.36
029ad684-95d9-4048-96e8-706878e9a724,03dd13c4-ad31-4bb3-b711-6a44f78e4bb7,5a1f828d-520f-4047-aaec-762772640939,6,255.64,8.05
dde78ee8-7ef8-487d-a92e-f3b7aaded46d,044c3955-20df-4be1-b5e5-a13997bf4741,40ab8d3d-2b46-4bd1-b53f-3202dd64bbc6,1,349.95,17.42
414990f8-9ce4-4689-8ba9-3edda2efce5c,fefd6333-0ad7-4764-bbb4-4df7329e1fb1,48ca951b-71b6-47d5-9ea2-41f1604004ad,-4,127.14,28.49
b088dab8-f8f1-4625-a477-51ac265ac5f4,2177ee5d-5b03-4252-b808-5a265400eb1e,ac10296b-9099-4f45-aefb-3fca7c88fba5,6,164.13,0.29
ee928313-e6ea-487b-ae1a-b8546e8e5d1e,cc14db6a-543c-42a2-ac85-f76e7c6d0e4b,a7443c19-e3bc-4013-b3b3-e324ea187dcc,4,85.76,20.64
87752307-8ac0-4e19-ab1d-514daf8dcff6,ba554568-5ab8-4af5-a57d-c789fd3c0ae3,3793833c-346a-4bbe-8811-2b1012b83aaf,3,412.9,25.65
34926dcd-5c64-48b8-bac2-69971c266344,b61cc278-165a-4b1f-83af-d5505300a1d5,9d490740-088b-4cfe-bc5b-646c424c3e17,3,278.52,17.27
beba1982-34bd-4407-b3a7-83f7ea6e351c,3000f71d-7895-48c3-adac-557af8e41deb,3ffac310-09a6-489c-96e9-a512c1b73407,3,364.64,23.01
b2f2d2e6-3ed7-4762-a9f9-9521d005cf27,e20d165a-52cc-447b-b0da-53984f6aafef,ea04c065-74f5-4fd8-9484-c067100f83c8,6,470.76,11.74
3f022938-12bb-4aa0-8882-e1826d959393,1bbadf87-5d2c-4dfe-bf64-bc9628d713a0,513f21ea-0535-4c1c-8e86-9cdd2a49dbd5,10,326.66,14.66
0bdd9054-47eb-41c7-bce8-4d6def803e63,427ac712-e6a6-4019-9fdc-2fdd1edfaf40,7e816ffb-f5ec-479d-b1d0-3b997efe46ee,1,420.26,3.96
c1ece446-dec9-4284-87d6-4d1958f9e74a,ff9e1b72-b242-4d93-b2b0-712d04346fe3,2f785653-8983-41f1-9c96-2742c00e5b85,5,276.6,23.04
593cce93-99da-4a7d-bc4e-b2259bf99dba,a09454d9-3044-4b79-b755-b169e60dc85d,5fd69a8e-c595-4232-8b50-c9933d810672,6,130.95,18.67
1eeaa500-aecd-4d8a-b94b-e075756af124,c79887bd-ecf0-4e24-8ef8-39cb17c6eb79,a734bc25-98c5-4bb9-9fb5-7cd6e5cc37b4,7,507.07,12.22
7dba035f-cd9b-45f0-b000-438fbbdbf1dd,01ae88e6-6ef9-438a-9a86-c529adccb5d0,bcd00449-39ff-4e15-807f-821410f3e6d7,1,191.64,0.15
67a3cf89-44b3-41e0-90fa-5d47737e0694,2db5686a-b28b-445c-9c5a-b7df89d9e505,89ea56e7-3e43-462d-b3f6-4b9624cc6019,9,132.67,8.34
abc6ca89-4265-4275-99a3-56768b778380,51a427b1-8f12-4d96-8a83-0fd6645e6d12,ba28289a-31b6-404c-a0ff-c015758848f4,3,486.84,9.26
777e42ef-5fd7-4431-acb5-bec943aecc40,bb7f23b9-f5b7-493f-bee5-f3431628eace,ba9b2019-0624-4857-8c8e-abbea6355cf2,3,30.0,26.0
62f73277-4182-46b3-8d97-f62a62cc2d4f,c6b64c3c-9f4e-4664-8de8-efb464d1b258,e8ea19b1-fc55-400b-bb07-bb1e459828d0,8,101.7,16.61
072c2dac-521a-400c-8342-27cfb71d4fe1,c99c69e7-275c-4c9a-a77a-228d93151806,40ab8d3d-2b46-4bd1-b53f-3202dd64bbc6,3,116.16,20.42
1cac1c3f-3144-45c2-b3ae-bae5a805ad23,64723236-4ef4-44ed-a785-7d85ba56d0f5,94570bb6-d70c-451f-b3dd-b67aa24860ac,7,403.43,3.01
77122dfc-fc61-4652-a082-faccde6f7241,11554f3b-f0cb-4ab2-ba6a-a3401e37c502,4a69a78a-8214-47b0-b8d3-a68f9fc92792,3,539.89,22.92
598a5059-a0a5-4f9f-bb56-c18e6f64382f,09b20461-a6bd-4346-9de7-1fcf4d437a40,f3a2e0d6-f4fa-41ed-aa68-c4db43c0a924,1,37.44,14.29
7e31342a-7aff-4693-9c23-06e7aa09cd41,56a70384-6b75-4023-bd11-ef880677962a,c4364fa4-0efe-4b78-bcd7-22068ed3b547,8,540.43,15.42
a0fd29f1-c169-49af-af90-17cc090295e8,0d81f9e1-84aa-4d4b-b785-db9d5c0c65f0,701af7ba-1030-4e57-a979-47ca69e4d3f7,5,202.03,20.75
8572599a-d514-4209-933c-24dced910c67,7f1cbe17-5af8-4614-8d77-d27a37e1e539,499b0931-a5f6-4fb7-86bd-1c282c3459ef,3,235.89,3.59
90d8d855-6f30-4848-b3b3-89939dc2a1ba,0caae870-0cfd-4471-a927-36b367ce5e7b,6eeb7deb-9113-4ba2-a34e-c5befe63d23f,9,71.48,25.23
1969f296-0137-40d3-a728-f015c2af5e3b,9cb5dde4-25d9-4dcc-b27c-a79465a2978a,6b3ce28e-c75b-4899-89c6-d3f418099a2e,6,59.28,21.26
858226cb-aaa4-4740-8b11-5bddc8c5fb01,37d3c0a6-be75-4ed7-aaef-12bfb7611e6d,ff5a24cc-66c8-4ad9-94a8-1ec2c5339076,3,212.8,25.5
4ae9fccd-7f6a-42b1-b6d7-c501c605a9a6,d5e7ad61-63c1-4c91-a9e1-01ecf83d6598,8fb15da0-445b-4ea1-87d4-14aabbb7bba4,-5,23.71,10.66
61aa52b5-cd54-4b97-833f-141054e4b638,cfcf70c5-c496-467e-97e4-89f6bef22c04,bf45556d-1092-4f96-b03e-4a55881d34be,8,546.73,17.79
b97a358d-797e-4052-aa64-8134a3b38bfe,21545dab-f380-48c9-b61b-45d39fa0e9dd,be525e71-6a5e-44ef-bb6c-16f5e30fd16f,8,441.96,1.56
5c54c726-25b5-417a-b5bc-cd021eca901d,2cf3e35d-68f4-4c5a-ac46-5e5dfdb09896,c9daabe4-46b9-4292-9ec1-9872b4db961c,6,399.74,11.57
0741fba6-50c2-4ac6-af77-700d6094083a,46882400-647b-4546-8360-f62e7cd3fe84,419e202a-bbc4-402d-8705-11971b2553a3,6,270.17,0.89
16e2f397-7bc2-4de3-b4d8-66d6b28e7a50,cb0add71-8b13-4a95-ade2-5f627e88443f,49064c00-a8d5-406d-927c-2323a3e97fdf,7,404.43,20.65
d282bbb5-2272-44e0-9c10-0f3864a31753,91287ede-9cd2-47e9-985d-07f39ccc72a7,9631bfc6-6224-4815-b818-b853899f6fad,3,455.39,19.81
13110e49-c0c8-4a93-a754-bad0f078d6b2,82f6f117-e72f-4bd7-a69b-594b4ad0a5c4,aff44708-57b3-4965-bbdf-e61dcec23f29,2,482.4,6.0
578ee1c6-4a99-4153-be51-ad9124209b2f,5a062e5a-419d-4a24-990e-592e1fc36517,f2d3b676-3c03-48cc-9194-b4a2c1be8e36,6,587.44,21.03
07e8e5e4-77b9-4041-aa8f-b675c7a41f52,08a6c021-cd83-471f-bc15-5582258d9701,b65909d1-b68c-4e86-b3b0-69301cfa936a,8,433.08,6.79
d666e2dc-a953-40ae-b4c9-de64a33d6196,db8dfa36-42c2-4ede-aef4-5994cefc92b7,6a79d4e9-3030-4c60-b5cf-0a08f7848a01,5,391.62,4.46
e6df9322-351a-4b1f-bf41-b656f42f6eb6,3a66b234-2044-42d7-9ac0-de2a400e5c46,e9338f5b-11d1-4c4b-9f1d-7aed9b092e01,5,422.29,23.26
025735c8-ec45-4858-966c-c25221a5a64d,02a4cca0-db8f-4122-89af-d882d0902a9c,117d2107-640f-42f1-ad20-272ffb5c098b,4,571.56,19.45
84586578-6004-4c8f-b33d-971ba33b7582,b601841d-bdf3-4b72-9fe6-92444496e381,b4fe18ae-5918-42b1-96da-2b8cb0e7390b,4,545.53,14.82
8816f44e-9e82-40fd-97d0-332378473445,3689cb9b-7d6d-4a1f-9f0e-26c99f776da6,fe90f63e-5675-4c7f-8e6a-978dadf04943,3,253.54,17.47
23b17ff1-3101-440c-a47b-e469c8e9f2d8,6f5af5e3-6e2c-4a9c-b448-be1d7b63838a,1abf075b-5778-4528-9068-2644aadf036b,3,340.56,6.88
a3ab6d2a-8450-4f4c-8f50-1bd367eb37f6,13e41599-6a2d-426d-9bfd-ef9f67175a2d,e72c47dc-faff-48a8-b55f-e382e2e9fa69,5,240.7,10.35
e21ccd3a-a3c4-42f7-96ab-fed772082d0b,a0552463-766f-4074-9e2b-8d85acab325e,ac1456dc-627a-438c-9aba-443316eb178e,5,230.52,3.52
bbe421c4-5680-4298-ae53-1298f449d5a4,0f7bfae0-ba34-4f6b-824f-9316f3b3ac98,a522ff6b-24f7-4686-b21c-1ee0c66da199,7,265.22,0.76
37a91a83-c2b5-4bfc-b3f0-e77018ccee4a,b30c4667-c55c-4be4-b44a-ce143870d1b2,fc6d0efe-a921-43a7-bd3c-fc341cd7d1d4,3,377.76,19.53
efab8869-f62e-468c-bf79-40f5246e5f61,2d00339e-b40f-4ae1-8e30-df9119f1b74a,8a76ff7e-2bcc-4cc2-ba28-a2e82e3268dd,9,120.55,27.17
51127c1a-8004-474d-9311-b11374b929d9,6d61a03b-ddc2-44a4-8c07-4bc01a851f72,4a2449dc-7b26-4c26-9a83-d99d560f7c72,9,323.47,14.42
bea469a1-40a9-42f1-b5f3-c57cae37dffd,82c3b982-2b47-4180-9819-ce58e92e61cc,50c6f235-9f75-4e27-8bc7-890f81a2e512,7,500.37,0.52
a415f2fb-7619-4985-8037-8370de796f4b,c6b64c3c-9f4e-4664-8de8-efb464d1b258,701af7ba-1030-4e57-a979-47ca69e4d3f7,2,451.5,16.71
eb24fec8-5dc7-4cf3-b077-9184cc1208aa,2aa5db8e-8844-43c7-9525-437bad0e5a0e,4aa0a541-1235-4380-a327-a9bc70d387e1,8,502.57,12.59
96a273d3-4afb-4678-a95b-0e6c1ab1d586,265cdeb3-1249-4180-8589-5f5410ed8750,7e816ffb-f5ec-479d-b1d0-3b997efe46ee,6,503.45,15.83
134a6467-ba0f-4acc-8b29-039463be339c,c0038e92-03ec-4c53-8bc3-f675f65c6a85,3220ea2a-48e9-4f2b-afd7-b8b9e9f1819f,4,300.61,14.74
272643b7-e373-48ad-8f60-43284a7a69b6,f15163d6-bfcd-429a-87ce-27bbd6f3a8b6,820d2451-3832-460c-a4f1-87fca44b097e,6,589.8,23.94
d351f834-318e-40ce-bf31-69133fa931d5,a8e5e1f6-d26c-463e-81e4-7410c1a23ba4,9e514743-f0bf-4f25-883c-b0cb1e875c67,4,522.82,4.41
39898ccc-5fa5-4f44-8fc7-a08eb42180eb,2633490b-af9f-460e-bde3-aa4347794b3e,c4364fa4-0efe-4b78-bcd7-22068ed3b547,1,454.67,0.34
db2cbcd7-b6f1-4fbf-a100-dac81cdd70aa,1370ef3f-9072-435b-88f5-cb1cd12fc61c,1466fd68-daca-44a2-b1ee-0c8446834932,3,435.72,10.41
559b48e0-0a63-4ca8-ad7a-1be1ebd3ca57,42dbb253-9c30-4911-84cf-18a523f1e5d5,fc87adc4-6bdb-424d-a2a8-1664b2e81473,8,520.13,7.17
f48850bf-8761-4a52-b983-3fe38a2dd3cf,3ac1d864-8fc0-4b95-9fd1-9eab28504585,4a69a78a-8214-47b0-b8d3-a68f9fc92792,3,292.87,21.21
ed3a78f1-a365-40bd-8e02-4c5dd1913ba3,29140886-36ba-4d23-975f-0ed73dfd83f9,bcd00449-39ff-4e15-807f-821410f3e6d7,9,28.39,12.84
4352adda-84ca-4e91-9d84-3655c1ce2b8d,95786a2c-5b1e-4b8c-816e-23126f0543c3,a009a2c5-1bc6-46a2-a0d2-1c74dde7c248,2,382.67,7.56
1328daa1-638c-42de-a381-48596271388a,dee43db4-06ba-4c20-aa79-019c5dbcfc09,fd6ef7a1-e06c-44a2-b260-382dcabaad5e,10,22.16,21.22
0a96bdd0-3fd1-4af7-9085-b122e30e86f5,ed3424e4-2be4-4905-82d3-f3e4d77aa926,3529363a-dcb6-4444-9baa-8d1c933b7adc,1,20.0,14.52
a9ead095-6cd6-4770-a006-1ca20e1ba82e,037c3e93-322b-41b7-8d81-11e4558377df,e8ea19b1-fc55-400b-bb07-bb1e459828d0,8,133.69,25.41
89d0ba06-c8ab-40cb-b70e-327789aa0a46,c8c08cbd-8164-495d-a913-3d91dc3fd0f5,99e65cfe-1e06-4b46-85ad-525ab9a0a0fa,1,562.76,24.07
d3e8ee46-dcdf-4e7a-a860-788671ff8598,1a1de562-23c4-4037-81b5-5f0ba285d61d,2f785653-8983-41f1-9c96-2742c00e5b85,1,33.27,5.77
ea85ce21-418b-445e-b543-52e7455b6fab,1af5cff2-5bf6-46aa-ae43-a624a053d60e,e56d79e4-89f0-4bce-a624-14614ba71562,3,446.43,11.38
905b2051-da93-4a9e-9640-56f812eb7857,ae48a68d-574d-4051-9dfc-7b34e90a0350,c8910970-1b17-4fe0-8592-875c65fa788b,2,40.98,10.56
521eba02-146b-4b24-9461-7cb0e1a7496c,b3810879-129d-4caf-83bd-9d49ff89c5da,9177696d-e769-41a6-93d6-718644fae29e,5,229.81,0.91
0359b837-6502-45ba-a9b2-f82dbda9d5d9,6b2485c3-c2c0-4a05-9a3b-852f84ab68a1,d9cc5b3b-ee3d-4fb4-99b0-0db7db0e5bfb,6,162.45,26.88
35395665-b38b-4a22-a4d9-3d4875133574,0e6d4f6e-98d1-49a3-bb14-3395d7277745,ac1456dc-627a-438c-9aba-443316eb178e,3,509.07,12.7
6a0f6413-d1ba-4e15-bf9a-277b13c0ab65,e75f0f07-ebd2-48ce-adb2-8db67f4c42c6,224af4cc-78e2-4723-a9b9-4c64d56d0bc0,7,265.63,14.64
debd1258-7b24-497a-be98-df2cca87be93,c0333713-f479-4e8e-a304-f92b5c54ec95,35c209c4-d850-4497-8458-872650076e8d,9,381.86,8.54
88817b4e-3e85-4271-95fe-168987b804ec,e503f3ad-d6e8-4381-8970-f4a359b7b0c6,ae169f62-e989-41ff-b57c-e2896aa31e77,6,493.16,9.29
9237b50f-8901-4e38-8b10-3b49487f1878,6f5af5e3-6e2c-4a9c-b448-be1d7b63838a,e824c827-406d-4113-82ee-e9bf5de1bde8,7,293.04,28.84
5e1c3238-b5e5-4e6f-b4c7-6f23aa7f5b11,83d3f430-c7ab-4f8f-872b-5a55d97a844a,fa163393-818b-425f-a914-77223d888cd8,2,212.65,0.64
d929befb-9aba-44b2-9eb2-252fff14fb6e,0d81f9e1-84aa-4d4b-b785-db9d5c0c65f0,4a7a06dd-72f9-48d2-8a9f-3aa3104ef4ac,5,80.53,1.3
dfd22ef0-ff22-4507-bb67-28bb66cf98d0,f3dfaad3-9125-4339-a2f0-f6bb1b4d258e,80ee7d94-fd45-400b-9842-411a40816043,8,487.1,5.63
4dbfaf27-ad2b-42d7-ba9d-6548b76dbaf7,64723236-4ef4-44ed-a785-7d85ba56d0f5,023ea2f8-2344-4831-a841-ba75e069ea2d,2,347.04,7.01
130985e3-e926-4e55-87d6-9cb59835f7da,503cfd22-4731-4369-8d0a-c42cacd94792,60251686-404d-487d-9faa-f26bfdf28e97,7,316.49,26.56
1805024a-2bd2-4902-a513-20708cabdc59,735774a8-5b80-47a8-9f56-65cef85fdd94,a399d3c8-cb43-42f9-99ff-e7ff8923d388,6,430.37,6.16
9dcfc70e-4b36-459c-a983-743b16c8d278,dcb37172-7562-4af6-b9b0-8596e26ff1c4,4734d9ff-2d8b-4777-9525-335c58435c83,6,473.29,28.13
5c9c0106-2461-44c0-880d-ad1eacd4da22,d20b499a-97db-4e18-8cec-b09d0f8affbc,c96555a2-57a1-41da-9a03-ea10e2f1df02,7,305.35,20.22
e0f3dcb0-488b-40ac-8f98-dc1956ee9077,375e099d-32dd-4185-bae2-30680438ca9d,2d29c279-d81d-4ddb-867d-aae218d00123,6,87.95,19.51
73dead72-8c7e-4512-938f-f2cbd72908b7,1f6000f8-bc46-437b-bc64-4aae1958dd81,9a93be5c-f0fd-442b-95b7-600ff164b9cf,1,288.82,21.96
f0e30f9f-8ecb-4b81-980e-f17c3684a96a,5a81ebbd-8ba4-45fa-a7ce-74527232603e,701af7ba-1030-4e57-a979-47ca69e4d3f7,8,590.52,5.92
e965fd72-5f39-4dc2-a454-284a31237fde,32e7c7b6-fcd1-49a0-bdcc-9a10a8840a86,4ff70e62-e6f7-48bb-ac94-d156bcaf247d,6,32.84,17.35
aa14a7b4-c45a-4d04-8b6c-be5de0cbd011,8891819a-9418-453b-b4a5-fe055bd08634,efd43772-56f7-4b23-955c-de54045c6d65,4,272.44,22.26
d707d28a-6466-4eb6-ac9a-3c23fc5cb604,2dbe62ec-883e-46b0-ac21-b8111c202edf,96693e54-d6e2-4047-9b83-59ebc397b7bb,3,288.4,12.15
b10b9945-7b90-44d4-bd31-4a7ee1c553d6,dcb37172-7562-4af6-b9b0-8596e26ff1c4,b2be4e4f-ee07-4848-9c3e-ef0419493bd5,10,593.16,14.74
91262d09-a720-49e9-8389-713db138cca2,e2a34ef0-1a27-494b-b189-fc017156eda7,7e3bdfdf-0a88-4066-8c76-3d4c4c788d4d,5,596.71,2.02
e89f4d42-8260-40e3-afe3-30eecf9cde9a,bfb8cce5-2eb4-44d3-82b1-c867cefc2790,31c42a86-5fe3-4a79-88d7-3e9962fd91ba,1,418.58,4.91
149eb67b-92bc-4a6c-80bf-a0bed2cf46cb,6ebc3adf-9191-4716-8588-96443d0f12a9,b1317113-29af-4b35-8be1-568429a4f4ae,4,485.36,1.48
09eeb75d-ba49-40c1-9f72-bb98e71ef4d0,250daff7-c37e-47ec-8e0d-59fb16a3967b,f3a2e0d6-f4fa-41ed-aa68-c4db43c0a924,4,352.66,21.13
427b4180-66b9-4f63-b572-e2fbbe303814,715199d7-e186-4bc0-8589-706292d6426e,1641706c-f5b8-42e8-ad4c-5cce283a61f3,1,529.58,23.51
e41acc4d-1910-4ae1-99e9-4756869225f4,6444bfe2-1255-41be-99f8-f6a31491ac4e,fa7a1715-7467-4dae-9bb3-c412205cf6ee,10,304.72,4.8
8f02baf0-8a6a-45be-b1f0-714db72e3e1f,c80bb2c8-8cfb-42cb-935c-8c2b00177d43,94570bb6-d70c-451f-b3dd-b67aa24860ac,7,313.59,9.13
7713bd45-d40f-44cb-b932-b1472a660c1b,92ee59e7-74de-4cf4-9474-634926c3b632,1d9840f6-324e-44d9-8656-1a7e86e93476,3,282.63,11.34
d012290d-df4c-4649-94bc-46f876c82ada,a7820f06-eb04-4d7e-86b9-74418ff2a459,8fef164a-e33f-4224-b68c-b2a65dcfb6dd,3,38.42,18.82
8669a6fa-bd6a-43a0-8ed1-54be6daef671,29140886-36ba-4d23-975f-0ed73dfd83f9,3220ea2a-48e9-4f2b-afd7-b8b9e9f1819f,7,256.13,24.53
a4c0e295-cc38-479f-89e8-947313aa59d8,29da7896-6624-4043-b597-09d60541978d,001577a7-fe9c-41cf-b6d1-33ace8ad2049,8,487.85,15.35
d6f0c2bb-20e2-462c-b432-a2c96e1da8c8,e1fa8848-58a0-4b68-aaab-c5afa09bb6d5,45ceda3a-ab15-42a8-8d9f-40e64a1f2cc1,6,269.68,15.23
b193f8b0-b955-4d67-9cea-db6efdc582d2,0ababb80-95c0-48c9-a898-d8ccafc3345e,e0193bb9-96fa-40cb-b1e3-f4a428f618bb,2,236.09,9.02
af28087b-3e98-4ce2-8a62-c5d466308937,13e41599-6a2d-426d-9bfd-ef9f67175a2d,fa7a1715-7467-4dae-9bb3-c412205cf6ee,3,15.11,23.52
fcc41e10-a8d4-4719-a7fe-953bdd7fb20f,c329b65f-073e-433b-b575-705f2c8f3fda,6585f452-981c-4736-a053-8c0846805280,10,200.28,5.67
56665e8f-1922-4e9d-8e81-2902abad9677,7a6fd8c0-5988-46e6-ab89-b6901627c7a6,9a93be5c-f0fd-442b-95b7-600ff164b9cf,9,61.78,4.34
39085c69-89df-4863-aeca-f8543eb4adc3,85d7258f-0dad-449f-8665-c010b87af68b,9cdb1599-f2bd-468b-8cc2-770d2ca4005b,4,320.81,8.93
20262d04-9c2d-46b9-ba98-1604f791aef2,8a29e275-cff1-4e0a-b8ce-0f4e196bb588,227ac9a8-866e-405c-bc08-a866fd380642,10,181.99,0.59
e7ebc35b-af62-4e94-92f6-2b016bcc7243,64723236-4ef4-44ed-a785-7d85ba56d0f5,82630e37-394e-4908-8dff-f9d16b3fcedc,10,506.89,15.15
ef5fbfc5-0ea4-499e-9c9f-60448b22b0f9,37d3c0a6-be75-4ed7-aaef-12bfb7611e6d,06333be1-00da-44bd-a903-c3b26f6d6386,3,320.44,10.74
623f7473-ab37-4ad1-8478-73eb755de961,3508ece5-40d3-4a3d-97d3-31ab50dc1c72,3be20e22-cbfd-4963-9a3c-d107b2f2ea53,1,562.56,11.16
5481609b-c059-4cbb-b463-38c44f784e00,5c53a7f6-c91f-44eb-bda1-3f3cb18ec134,a1693e31-3993-4688-8cc7-cd30665411e8,2,527.14,9.74
47ef0f5a-8088-4eef-92f6-2a699d5324c6,04371c40-1e19-4680-b414-1a0036fc2be1,abb7d3dc-52b7-44e0-9055-6fda9c1dee0a,8,437.14,24.85
72c0688f-b6de-43e4-a1bd-77dd43c3243d,a7a1043c-1027-472a-8ec7-78c65a300750,719f1995-e039-459d-956c-24b65689af8e,10,574.26,1.06
6aeabab9-8672-44cc-a690-548a0a3f0415,0e5725ad-2cfa-4b1c-83a7-a9af5fd82fd8,984dd28a-1e5f-44c1-94bf-abc3491268d9,8,16.48,20.65
45e60b68-426f-401e-afb7-90b76603426a,2543559a-e788-48e6-b89e-84b57f130519,1060eb1f-22a4-4efe-a1e4-f28ef2d584e6,8,229.63,15.54
f00a944d-966c-4b70-b352-7562b30c4373,1a2f7f55-8137-4e66-91b1-b4d19706784b,eb9938d5-87ec-4678-b179-b7939691b856,9,398.44,26.08
e0b18627-c50b-4c3b-9516-6d49016826f4,2633490b-af9f-460e-bde3-aa4347794b3e,87b94d59-5e6b-4233-b5ed-2b59854fbbf2,6,33.74,3.77
f6a9f2a7-ab64-4764-b17c-83a647c68ddb,d391ff81-b1fd-4f08-b547-f73547e44e07,e7070a35-ac92-4665-be40-8d16ce1bfaeb,1,411.58,15.24
afa111d6-5ba8-463c-a956-3a3166c0e728,4f282601-b19d-4f4d-b297-7ba4612d593e,adee571b-2cf7-44e0-a43c-00f556270d29,3,94.7,2.24
ca41dc52-124d-4de2-967d-b6745c441a0e,967c807a-afd7-4fa0-b989-5f9a43c1410a,d762f982-ae4c-46e8-b3b5-635455883a71,7,383.61,19.72
8d1f7bc4-bcc7-404d-a844-b903884b079c,ae26db73-a035-40f5-97cb-30d85cc458cf,fdf2b457-8801-4ca3-9110-00704efa6ac9,5,279.04,29.51
43af3509-be8c-4c17-8762-4348675a7735,d20b499a-97db-4e18-8cec-b09d0f8affbc,06c243c8-64c5-48da-8fc9-5c1d867a124a,10,586.35,23.6
bb93acba-b30b-4f1b-87ab-e18100eb232f,8a29e275-cff1-4e0a-b8ce-0f4e196bb588,bc16b919-2c0c-4d17-9d64-653e7b28ec99,7,313.88,25.84
217a31ff-14c4-4db4-9a74-62c3b57a7c3e,322f31f5-8ddf-4345-a25e-b642b5d34507,6c39cc3a-ec18-4f01-8af4-52ceff053d2e,10,467.53,28.79
5681c060-e71a-4830-8080-fd7ac2861e85,5551f78a-41c6-4f97-9261-48200eccea87,70e252c4-e492-422a-893f-ea36828ac817,10,307.09,13.55
e98d3bde-a159-4aaa-88a0-404c66ee43c2,c480d533-6c11-4b69-90e4-e4f111651639,d676fbdb-3a17-422d-9f13-b293dc999a27,2,445.14,23.6
4a0eae7b-9b49-4ea0-b3d1-e4307b76791d,dab1d62e-4b7f-475d-ad7d-d539cc876e43,0ee48908-cfa4-461a-b27d-07534639063c,4,412.58,1.7
08638326-9e8f-4948-934a-565db2a91740,dfd5aa72-c423-4623-901b-e98df932c24d,b9a0f31f-17d4-45be-b788-8317707a7560,5,82.23,16.31
d8c44418-4e66-446f-966a-c23270661043,2cc5fa94-c087-454d-a3bf-f7ded65f14e2,826d9a57-1997-473e-8870-366bf9c54312,6,23.69,23.25
6fdbc09e-7d8f-4a5c-a407-41aa40d336bb,95786a2c-5b1e-4b8c-816e-23126f0543c3,48ca951b-71b6-47d5-9ea2-41f1604004ad,-4,108.3,10.52
dbc85670-b930-426a-b7db-128ec2c00425,15a316b2-d7c2-4145-871a-3c26cbc6b3ac,783a6e78-3b45-4fb1-af7c-a8989bc4a234,4,430.02,26.5
e4a4c5a1-be02-4e53-992c-4a77da85c8fd,80497285-8177-4d88-8ee8-f55088234221,81d2f0e6-fb00-4547-9831-f3babebbcafa,10,397.02,21.96
58f675af-266d-41eb-b53f-cd526552f44b,d5e51fd6-866a-4437-bfa1-e7b84cdf605f,96693e54-d6e2-4047-9b83-59ebc397b7bb,9,71.89,22.31
7152a47f-2340-4629-884f-e1acc8e10465,26813b85-b696-41bd-a2cf-16784caf8429,5e9332e2-4e9c-4388-b832-0c7cbbf0e879,1,91.29,21.63
638a8da5-fb30-4b58-ba49-b6abfab28ecf,23a09689-e455-43ec-a6e6-d97dd44ac258,4054b94d-9171-45b3-bc23-0d90004adfa5,4,394.09,24.72
bcdb8712-18d0-4f5f-a9d2-4d6331ca9c0a,1ca02f3e-9a11-427f-b6f8-d0616f6fc67b,040259b8-5218-4808-a18b-d971895a792d,8,445.34,3.17
6678a091-0348-493c-b2db-ceec46c10467,dcb37172-7562-4af6-b9b0-8596e26ff1c4,7de87e52-fe02-425a-a510-34238537501f,3,323.42,2.87
0f31284a-dff2-4df2-8328-95cea71e136b,49a0d753-58be-4baa-bf92-4c1059d57d3d,d676fbdb-3a17-422d-9f13-b293dc999a27,2,245.71,26.38
23e4a7fe-3107-48de-9239-8448183fcde7,573d5a54-036e-429d-a1e0-3194529f8e30,b0e57361-2044-4363-bdbc-0dccec4d20e4,6,286.97,18.69
bdd5c8dd-4ac5-4bd6-86a0-0a67dda53515,573d5a54-036e-429d-a1e0-3194529f8e30,05625c47-bd91-4054-b59c-9b4541c80b08,10,352.02,19.22
d66a7347-10a6-4b4b-ae5a-a9a3ac13bccc,e94bd465-f4b0-477a-bfa9-a15872a983a2,1641706c-f5b8-42e8-ad4c-5cce283a61f3,2,232.6,4.45
54f4d9a3-dc13-4b3d-904d-f06d5b2de29a,375e099d-32dd-4185-bae2-30680438ca9d,b65909d1-b68c-4e86-b3b0-69301cfa936a,2,261.67,23.04
70f37633-cb01-479c-89ea-7aef1f5fb614,b201a44e-5850-481c-97b8-8833b2b37079,c642b085-d5d5-46a6-b0ee-f3a69bf14a86,8,457.49,1.79
483c3a36-5310-4e5e-92ac-15eef1a6de85,8f5ff62a-16f5-43eb-88bf-fa8dc3e1a569,c6de7b83-d4fd-414e-8e10-8714ac839b66,8,156.92,2.56
2d778ba6-e8a9-4a11-9951-a240ced4b2a9,8aba95be-d598-44b3-9258-d8e5d3ea494a,472bcedd-a0b8-4be6-946b-b04277328e09,6,239.51,16.24
7aeafced-bb4c-4698-978a-70cdd8f245f0,e805fb57-2f20-47ec-a2d9-8a571c9086b6,8d73549f-d6a4-4f12-985d-8fce52beeff3,10,144.61,29.7
38ed4eac-2175-4439-9c71-de58f309d53f,beb37e16-5702-4c0e-bf3f-8e26fcc4b7c6,2c273af4-af9a-4e20-820f-45ac13840659,8,401.32,21.52
56714ef8-6d50-4ba7-b4ee-781c915bd398,4aceddbe-0e14-4c48-8cd5-efa6f57eebe2,96693e54-d6e2-4047-9b83-59ebc397b7bb,7,275.35,6.66
4b880cce-3ee8-4b61-81b8-d02f5bb65fa9,b6183769-b4a0-4ec4-abb1-2fe7031bbb5a,4aa0a541-1235-4380-a327-a9bc70d387e1,3,514.47,9.16
0d405074-7fba-435c-a0e9-b2a87d23811a,2d00339e-b40f-4ae1-8e30-df9119f1b74a,5a1f828d-520f-4047-aaec-762772640939,1,408.91,7.69
fbef2abe-c580-49f0-82b3-49f798f07ff9,666d4401-9216-4cca-b9c9-72f7f648ea7c,0c57199e-1667-4e6b-9d11-715e9f11d415,4,474.77,29.38
8323e201-16a9-4cdc-bb7d-8db65652d6f0,0e7fdb49-21b6-4093-8b0d-dccba82882ec,d8629d60-655b-44fe-bebf-1808396e87a1,5,256.69,17.35
db5b1d5e-5da5-4bd4-b491-28732b17fcac,c7f6bbe3-bd5b-44fb-9610-6a3972c2a970,143f3664-8dd2-4034-88f2-4ff97b903399,6,589.36,16.78
4ac89475-3d42-4cfa-86b8-f53c092fd3ff,f91a0c27-d6eb-4b1c-948e-268437428b90,b746c632-8b4f-4efd-88e8-b4fb14b9bd3f,-3,54.61,5.34
5b33d590-ed16-4bd0-a964-0679ec0c6c4d,d7a7f8a2-1af4-4a30-a0b6-cda4b5c15659,783a6e78-3b45-4fb1-af7c-a8989bc4a234,8,401.73,28.5
2542caf2-a95c-4086-bfc4-aa0a7805c293,8f9dce1c-c30e-4197-8193-09fb61ecc45e,c4609bee-d34d-4ab0-af46-c55962bcefe3,2,304.29,9.58
598f177f-4d6d-487b-b16d-df4cb87da130,4aceddbe-0e14-4c48-8cd5-efa6f57eebe2,10ebedcb-992a-492c-8dc5-f10ae2d58ddf,7,480.01,17.92
050010bc-8e71-40df-995c-27c129fe941c,91287ede-9cd2-47e9-985d-07f39ccc72a7,b89b29c6-89e9-47fb-b51d-82b4f376883b,5,501.07,24.79
b275cb6e-6bab-4fac-9e74-63fd80053810,3508ece5-40d3-4a3d-97d3-31ab50dc1c72,f30f1b5c-6ffd-4189-a3cb-b79f0ce6a5f0,3,363.95,6.3
f0b9b67b-fc22-46af-9c6a-a09d99ad5e06,0c189d61-51b5-4ac6-bf4d-240e7056d6d8,ebf31261-c906-4d82-97c7-de662faa2855,4,448.75,11.95
dbb6c10a-dedb-4220-afbe-815c6515efb2,aed627fc-2aec-4ab1-b539-155b690e8ea0,b2be4e4f-ee07-4848-9c3e-ef0419493bd5,5,307.0,24.13
e2db46fa-547a-4447-9054-01439071a763,39dc35fe-e36e-4ce5-a1dc-126b926cd029,4313732e-6cd2-4e32-89da-f8ea03422a86,10,301.81,25.25
34754fb7-5224-415c-a869-cfb8b2c2c3f8,e983a491-6db7-49c6-8d74-6769fef20c0e,e6e092b6-49ef-437f-acf2-0d75f9bd8a05,5,231.73,3.47
c31d8e05-98ce-424f-be84-17f2d045e65b,cb0add71-8b13-4a95-ade2-5f627e88443f,ef78c195-e1aa-42c4-b454-7ce83a617919,10,433.57,11.4
803e1dd2-e5a7-4e2a-a09a-fbe6a94cf458,15a316b2-d7c2-4145-871a-3c26cbc6b3ac,86ae5587-d1f5-4688-8777-900331bb395e,7,90.64,19.51
d9b5a1e4-2f0a-49d3-860a-11e2f7d4f41f,aec58935-b69f-4b78-b146-c1c15b2243b0,f832c306-7d15-467a-a5a7-a2cb36b38aca,1,281.65,25.61
f1f0e733-95e3-46a1-8084-1e0b4bbe8f4b,53ddd746-440d-4a3a-aded-4ce6c24f3264,499b0931-a5f6-4fb7-86bd-1c282c3459ef,1,358.77,3.69
32df43d2-8102-434e-9050-39368cc4550a,82f6f117-e72f-4bd7-a69b-594b4ad0a5c4,348d42be-0d2a-414a-983e-b5257d62c0ba,4,248.58,2.2
9d405b73-2af7-4900-9581-f2c3b96fcf41,39ee2a90-8a0b-482d-b0aa-bc1f18a6acb8,9c3736a0-7dd0-499b-b349-0ea0764b552a,8,281.9,26.15
56e0fe99-2e41-4e38-993d-f53a68ff30b6,a09454d9-3044-4b79-b755-b169e60dc85d,40a27335-f8ee-4216-a986-beae4275a834,1,266.87,5.73
cdbdb8d5-c9a6-43f5-a1d3-7b5179460d3a,1f7e0a7d-4eac-4265-b986-47dcb92952e1,39d010fe-ba5d-4d99-9056-ab9e1b1f69f1,3,276.33,25.79
3c8dc745-92ad-413c-afa4-3a2761c16a7b,f7099dac-07db-4f41-af4c-24d3aee15f95,87b94d59-5e6b-4233-b5ed-2b59854fbbf2,9,468.14,15.35
b0b0dea4-d950-449d-95c1-13a211a716ac,ecddd676-950b-4d6a-be83-e9616fe3ae44,001577a7-fe9c-41cf-b6d1-33ace8ad2049,9,405.77,19.29
a8285d78-5a33-4bd0-87b5-c127f8964216,040eba0f-707b-4b88-9c47-4ae5aef145cd,50712d1f-a6b9-4d70-a15c-7d486d5f1a42,5,123.35,14.33
d0b3e58c-c90a-4580-84eb-7f1cb6bacc1d,d5e7ad61-63c1-4c91-a9e1-01ecf83d6598,88fda90c-9506-4364-a766-c2e912cb0660,9,108.88,13.99
ca7271d3-c743-436b-ad14-d4bc6616984c,abe36625-8a6d-472c-8292-bce813cac6ff,7f6d5991-3bcd-44e3-a066-c1ee6c18314f,1,452.7,1.08
44646cba-13a3-4adc-a9ce-5b9f5a7c709d,d20b499a-97db-4e18-8cec-b09d0f8affbc,719f1995-e039-459d-956c-24b65689af8e,5,377.4,11.83
d602493b-6bd6-481d-af24-3f2facc2db20,d945154f-92e6-446a-b93c-2909daadaaa1,372bf92c-48a6-44ed-91ab-bcfc2db34fae,8,548.4,5.89
520f58ec-6e6b-4b84-aa1d-423de0221e48,dcbcf673-d5f5-49d7-a529-1b940e7ef4d3,ef4bbefd-1b82-4ed9-8bf7-57ad938e6906,3,94.03,29.94
6d28686e-4893-4ce8-98d7-41f3e592bfd4,e4e8c3be-db2a-4f10-860f-d3fd9c4b3b09,004e03dd-f5f6-45f1-b2de-18198da74ca2,5,262.91,9.68
309f9509-814f-497e-bfec-22c6d862ea94,28932710-f844-46ad-9db0-d4723f5485c0,ea5e7653-a59b-48f1-97b1-ae9be283aabd,3,363.91,27.62
5797f6cd-5981-4755-9223-4d360a7223a8,f63bad29-a2c5-4831-9bc0-18c10b174ee6,f219e900-2b06-4eba-b659-ed71d78678ff,9,101.89,20.01
312c134f-2dfb-4c2f-9d03-d0a7b7c57cb1,d165ecaa-074a-4c09-8654-ddd48aad3725,dfb29027-eb29-49e1-b718-9f0330c091c2,9,294.87,28.54
da30446b-1c30-4d37-969a-580c0993f53e,2702a341-3e9d-4cc3-a439-c9af37a5305d,ef4bbefd-1b82-4ed9-8bf7-57ad938e6906,1,184.47,0.6
ba69eae9-2d9e-4fa2-8614-9985d499d5cb,e52b7dba-80a3-45b8-8ecd-4474daa4768a,5c804ad4-1a35-42af-b53f-f0f32d5cebcd,5,314.02,27.65
5f1a0a20-6937-42af-83e0-a9c4128088d1,0ababb80-95c0-48c9-a898-d8ccafc3345e,e470b3ba-2e57-4ad2-85bb-15cb6f6f11cb,1,66.6,28.73
61aaad27-6e65-4202-9bd4-779ccd64d067,92b72549-dd1d-4867-9d59-b3ff61772261,3039094f-03a3-4a04-85bf-f57b85c1c69d,6,568.98,0.53
839aabb7-c86a-4318-9261-4aa4b863e0a8,c6fa0e96-6cd9-4a59-ba3d-4b3e8b3456e5,29f40e83-a890-47b1-b9e9-747c977085d5,1,360.67,23.9
1705f946-cf71-4b39-81ac-962df8e77f42,54ee61bb-8eae-485e-a120-e5b7f1d49f13,7e816ffb-f5ec-479d-b1d0-3b997efe46ee,5,466.27,13.14
81f04ef6-a9c9-4a4b-a5b4-abf77e76bc7d,244bcc14-d684-435e-91b1-411a74b3c94f,cf60ee56-7a42-4eb0-9df0-83d1698b4573,8,45.52,3.59
941ec6f8-08c3-4846-a22d-86558e52123c,3a1af975-f743-4f41-ba81-2e8a01d71d2b,87f2b8ce-0bfd-4eaf-9c42-146791b571e0,8,433.35,2.01
ff96b549-1040-4fce-8cd7-5f22d405c5ad,ecddd676-950b-4d6a-be83-e9616fe3ae44,1c1ee289-0c3b-43e8-9dcd-6d2ab2773fb2,5,420.89,22.11
86406296-65fb-4eb7-9fe3-3309aa63ce35,6f975791-adde-4534-aad5-58ba8be435cc,107f4eb0-5cf2-40bd-953c-912f74d75f84,3,495.61,19.02
670d280a-fc2c-4e72-adb8-9c4f61795f43,0e5725ad-2cfa-4b1c-83a7-a9af5fd82fd8,aff44708-57b3-4965-bbdf-e61dcec23f29,3,197.36,14.03
8ebeb4ac-afef-4b4b-88cd-4abf92cca0b8,7a2bd8af-d4df-4002-b5e4-2c60d9c8d707,a41cc35f-bf25-4b35-b367-37ebee4e1467,7,468.83,9.41
b14827ab-1867-4dd9-ba64-2a498877560f,e20d165a-52cc-447b-b0da-53984f6aafef,a41cc35f-bf25-4b35-b367-37ebee4e1467,3,368.36,15.35
d5ab380a-718e-45dd-9523-37a3ba6b7aa7,26839c1e-fd44-4906-a2f3-493a5ff442bd,ef78c195-e1aa-42c4-b454-7ce83a617919,7,351.85,0.04
38316237-2a63-451f-a6ae-d22bb89d3f09,1f7e0a7d-4eac-4265-b986-47dcb92952e1,bcd00449-39ff-4e15-807f-821410f3e6d7,3,398.11,11.02
8759d5c4-f4cf-4191-b670-d13eccb9ef6d,fd43bc1e-9567-48ef-9247-38f3d753185b,5a64b73a-c44d-42f6-8a48-9d735942a96b,7,326.76,3.82
4f772972-1110-436e-99a3-af8294ccd229,265cdeb3-1249-4180-8589-5f5410ed8750,cbcc254f-3d60-4634-9e4a-d9d893b7850a,1,587.41,22.3
4c13bab0-575f-4850-b765-1f1c251273dd,cd8bc169-fb0f-4ba1-b45c-ea617a7e5470,d7c05166-193d-43c8-ac66-c41c5e70db44,7,267.01,5.33
b4f482a6-cdd7-4152-bd7c-e0f3a7bcc9d9,355e319b-c74f-4880-8584-b5d676dc5649,66fac7c3-6dbd-4470-8962-236e8a4f791a,1,437.36,6.08
5178c399-978a-4b5e-b363-fa124c02a05b,5c53a7f6-c91f-44eb-bda1-3f3cb18ec134,0e6800aa-d916-4b8c-9949-e359cdd1da7f,1,278.97,0.39
6ab59672-4ba1-40dd-bd4f-1b2de630f1de,327b193a-ea11-401d-8f57-a78e11ff672e,e701ec81-3cb5-4faf-a1fd-8067878a7d64,4,204.72,7.03
9d5c8048-3221-429e-af03-666cc23b591e,8f5ff62a-16f5-43eb-88bf-fa8dc3e1a569,8d73549f-d6a4-4f12-985d-8fce52beeff3,10,468.99,5.28
7eefccce-07b1-4f8f-92e8-a12c2ee7a4b3,31343ba3-e8c4-4dc4-bcd5-a097324fb957,8fef164a-e33f-4224-b68c-b2a65dcfb6dd,4,521.36,19.12
2348a703-bdb9-4c26-9b96-832550bf3dca,0c2cb6e6-a070-4b84-8143-0c55197a7801,50712d1f-a6b9-4d70-a15c-7d486d5f1a42,2,85.41,5.66
f874cd01-77ee-4bdb-ada9-19fbf1345f5a,f3dfaad3-9125-4339-a2f0-f6bb1b4d258e,117d2107-640f-42f1-ad20-272ffb5c098b,6,544.19,6.46
050da83d-90d2-4112-b98d-712d1a9678c8,64723236-4ef4-44ed-a785-7d85ba56d0f5,a8920829-a2a5-4be1-99e4-4ee7f04f431d,6,255.45,22.06
916f9e83-5059-41f6-a9de-bb1835243291,298f36b3-105b-4a00-be56-8771d8419b0f,a206d2aa-0b24-4900-9358-23e5fa4ed376,9,503.48,13.83
47ae9463-43fb-4b4f-8728-6b68b274d33f,cda08f31-45c5-4c8c-a1bf-4c791ccfbbd2,f5dbc579-46bc-4202-aeac-aa800036c1dd,10,465.96,26.43
b83d0fbc-5da4-4763-a9e5-d375138c8287,4f282601-b19d-4f4d-b297-7ba4612d593e,ba9b2019-0624-4857-8c8e-abbea6355cf2,8,212.85,19.43
be731d8c-49ce-4d86-8dfc-c92f8f2c5c45,40016a9c-e7be-4359-b0ac-339de9744d5a,45ceda3a-ab15-42a8-8d9f-40e64a1f2cc1,9,211.69,7.89
2b9b7357-0d40-43f4-b104-5cd70b8e5086,dab1d62e-4b7f-475d-ad7d-d539cc876e43,0b636b44-6dc8-433d-9b42-b64d73068332,-1,550.12,12.79
1e8109d2-3989-4d77-bce1-8146797b242f,db8dfa36-42c2-4ede-aef4-5994cefc92b7,87f2b8ce-0bfd-4eaf-9c42-146791b571e0,2,81.52,0.72
2e656812-c127-41b6-8acf-c9868939ec60,f222322e-4c3f-4f03-a343-513b2c42f5d9,59f5b8c6-7aec-4b97-b2f2-af3116329f03,5,367.05,2.52
36b24114-ab4c-4cf4-a1fe-59f21718c522,31343ba3-e8c4-4dc4-bcd5-a097324fb957,2ecabe78-289f-41f7-b7cd-620552e6d40c,8,561.61,14.84
d03518bb-c974-43d5-9693-4dec19fb42b3,9b6b7ca1-7964-4753-9692-14c2e4b13122,7dce52fc-4810-420c-a608-6a4ccb048c54,8,152.78,16.36
38e3b397-0df7-4f30-afd5-139abeef61d5,7a2bd8af-d4df-4002-b5e4-2c60d9c8d707,ea5e7653-a59b-48f1-97b1-ae9be283aabd,3,502.01,28.76
2f542ffd-4fe5-4a54-beed-0ab781d66a37,d9a47742-53a9-4656-a13e-542229251ee3,820d2451-3832-460c-a4f1-87fca44b097e,9,90.93,23.91
76258267-8b64-404e-8d3b-1704ee3f34fb,5783e896-3aa2-4819-a7d1-e1c34c79f9bd,fa7a1715-7467-4dae-9bb3-c412205cf6ee,10,484.02,10.88
f72c801a-0b14-4379-ac38-907ec6ca288c,efe3e29f-8cd7-4a1e-bb37-8b926c4e3c9d,5e9332e2-4e9c-4388-b832-0c7cbbf0e879,1,387.96,23.0
b6cf1db9-8d89-4219-af6c-f0e5d49a8fe9,71954eec-66bf-4139-83d9-479732404553,33c1112c-5d57-4edd-9ef4-14857115af94,1,127.68,3.12
5cdf9404-7384-4bdc-a983-23bfa00707b5,eaf00d74-a59e-485d-bc16-32117b0088c2,63e6a1f3-83bf-48e8-8ea3-61bcf98d18ec,3,473.95,25.26
651ff72c-b166-4a8e-9820-71ae6c1bf9f3,56e251a8-b709-476a-935d-8487cbd0bf32,5c804ad4-1a35-42af-b53f-f0f32d5cebcd,2,306.91,17.62
33e24d1f-7db7-4ab4-907a-a3ad203b2855,14ff18e0-5ecd-441e-bd87-cd575108292c,9e514743-f0bf-4f25-883c-b0cb1e875c67,-4,54.07,21.36
97c14fe3-8817-45da-a8a2-8586ca6c633a,b601841d-bdf3-4b72-9fe6-92444496e381,a8b058af-06d0-4a50-8ff8-52c9ff2ca408,9,40.84,7.21
3a677e24-02a2-47b7-89fe-91dedd25a1c2,81744652-c444-4be9-a45f-1490b658afa4,1466fd68-daca-44a2-b1ee-0c8446834932,7,27.55,5.7
b74eecb9-4f93-4110-bbac-e9e771b619a6,2aa5db8e-8844-43c7-9525-437bad0e5a0e,f219e900-2b06-4eba-b659-ed71d78678ff,8,470.23,17.22
e1cc9702-7fbf-4733-b14a-b661190eda24,01bffb62-df4a-4a5c-89f3-61cef1bea5f6,7f6d5991-3bcd-44e3-a066-c1ee6c18314f,10,468.87,17.52
3e8831b1-0325-4cc0-88fe-798930842491,802ad261-7fde-419e-b56e-1958a40680bb,e7e95e02-31d6-4e51-a7bb-c2703490967b,6,282.19,22.84
29a0768f-9da0-47ef-a4ea-9037b4398432,9e29735e-fc35-47ca-ab94-16f11e2efb61,16c8187e-957a-4ddf-8ca9-42947be5ccef,5,527.38,14.48
1bf317b2-2fe8-45fe-a368-cb8c2d4b2ed1,78da7905-b271-4087-9b58-c97a46392592,63f385b8-4173-4e02-a2ee-13773d63fea3,1,130.07,10.51
21b5fd83-7e7c-472e-888a-bc27d93619f9,beb37e16-5702-4c0e-bf3f-8e26fcc4b7c6,76491416-b38a-4cf0-81d8-c0c1ac29c357,-5,492.61,15.68
b64f3281-8a5a-4491-b121-b0bd9f7db554,6cedb27d-1abd-4b26-a86f-dbb59907dc08,66e40b78-e589-45a3-b19b-715271e034f5,1,47.14,5.01
762dc621-64ff-4b1f-86fc-77cc677a2f6f,d7a7f8a2-1af4-4a30-a0b6-cda4b5c15659,3793833c-346a-4bbe-8811-2b1012b83aaf,7,232.76,25.06
898737b0-f28e-4404-9d49-5cd0f17e553b,d0ae0014-4328-4e06-9803-a0947d9a28f2,3039094f-03a3-4a04-85bf-f57b85c1c69d,5,161.16,1.64
27895651-bda0-4d23-bd6f-997fd28f33a2,90269ff0-6f47-41b4-82e1-7a5989c01441,e0d63903-2d43-42f4-ba2a-f3073f8b7cad,4,143.65,22.09
8c52ec3e-a6b0-4557-aca8-4e4d895e636f,dbdf9dd6-22b3-4584-8b22-e943a890db8d,987ae68b-1a92-441c-a6cc-3fc00a0a5d20,3,323.58,20.99
6619e4ea-d730-4116-a0af-15843540a3d0,327b193a-ea11-401d-8f57-a78e11ff672e,1d351921-6075-4c49-b7c1-b768f488f6da,2,423.81,1.63
b19f6919-1080-4110-95ab-b9e6e1ece9f5,d945154f-92e6-446a-b93c-2909daadaaa1,bd8e4ee0-292a-4c69-8877-fd64508895a8,8,509.97,13.93
aaa4fcf2-e0af-422f-8f1b-a20a2c0dc08f,00492f15-6063-4463-8593-86b86497ce02,48ca951b-71b6-47d5-9ea2-41f1604004ad,1,584.37,1.97
4d4f8bee-89c3-45b8-a105-058672a9cb23,213b8791-4451-44f7-a174-fc42c503837c,1d9840f6-324e-44d9-8656-1a7e86e93476,10,303.86,5.38
0edc5f95-b08f-4d63-9b0f-8699a4c3d3de,a54069e2-15c6-40d6-8eef-0208d48c5039,e824c827-406d-4113-82ee-e9bf5de1bde8,3,21.78,0.98
e148e557-f92c-485c-bc86-85c195577800,67337d2d-cf70-4c95-8465-6ab59b8e8acb,9631bfc6-6224-4815-b818-b853899f6fad,9,534.41,11.69
5a760ac8-cae5-475b-8556-e9ccd551c10a,2543559a-e788-48e6-b89e-84b57f130519,31c42a86-5fe3-4a79-88d7-3e9962fd91ba,5,426.43,16.97
ecac2df9-aa06-41db-8546-a46879d8d5a7,022b040e-259a-4390-8a93-dd5d4e4ed289,e470b3ba-2e57-4ad2-85bb-15cb6f6f11cb,7,561.95,10.59
b95db9aa-d092-4688-8c25-6de577a21d9a,ceece2db-8ad3-45ef-a81f-06717fb6ded5,b1317113-29af-4b35-8be1-568429a4f4ae,4,146.46,2.25
e6f61426-bb31-4025-9694-20ff8540526c,4b81ed50-04d5-4f86-9ba2-ac32f0a5acf4,a009a2c5-1bc6-46a2-a0d2-1c74dde7c248,7,463.05,13.86
5e992cc0-3597-4290-8663-bd8aac28c9bb,6f645f2d-b8f7-4eec-ae02-013a301cc507,30f28588-c509-4687-b00e-7b0d68c894f1,7,97.25,24.62
2df299d2-529a-4384-a6cb-42101f4bb6a6,dca5cdbb-1515-42cf-a830-b2599732e3ec,7af390d9-3397-4ee6-8cd0-d51a7fe6a79f,10,133.21,8.52
c8f21b05-1145-4617-a4da-1c96e58c462e,67eb17d5-d283-409c-ac8f-6ff1d14c7f2d,073e9d33-8317-45e0-b169-49fe5dae68cf,3,214.37,25.48
e07cb990-c77e-4594-85ec-4bf8bda75f71,50d2a82b-60a1-404e-b829-1c6033513401,efd43772-56f7-4b23-955c-de54045c6d65,7,494.93,7.42
15776274-5da7-47e0-8492-8bb569dab55e,d4685370-8ba0-4bb6-9093-52c49a133106,001577a7-fe9c-41cf-b6d1-33ace8ad2049,8,117.79,13.04
3c22e021-1807-4096-8d1c-ada8e381d345,0feb3f96-8de4-43b2-ab72-289a44f610f7,e7070a35-ac92-4665-be40-8d16ce1bfaeb,4,58.3,25.1
42a17b21-4046-488a-97b1-ac53105216f7,002650a3-565d-4194-97b0-396298eefc34,e470b3ba-2e57-4ad2-85bb-15cb6f6f11cb,8,166.31,18.29
3fda1425-850c-42b6-b1d7-8f1699f0ddf2,06deae20-c147-4e72-9f6a-5a87d2adc39c,6c1d762f-5697-4c54-bb76-e5d3e8831fbf,10,555.31,22.62
7573f74f-5b14-411b-a9cd-6b90a409c12d,29da7896-6624-4043-b597-09d60541978d,b9a0f31f-17d4-45be-b788-8317707a7560,7,443.63,7.24
328358ce-5aa6-45ac-a412-d256d2fdc47d,8171a585-8d59-4c95-892d-3b40b7dc29a0,a7443c19-e3bc-4013-b3b3-e324ea187dcc,4,116.65,10.11
7687c9aa-e71c-4ce0-a559-01aedb40664b,2702a341-3e9d-4cc3-a439-c9af37a5305d,9efa512d-2c07-433b-b100-77479899c494,3,136.74,16.44
6c7c9629-1b75-45e9-9dcb-a715d2aa5182,21d69008-f21b-4055-9979-22eaf9cfa95c,8632ea94-68a4-4c36-bcb9-a658f8306e41,6,536.17,22.48
2cb2c8b5-5622-4c99-bb67-97399e0e6f2a,e52b7dba-80a3-45b8-8ecd-4474daa4768a,427d9216-93d0-47d6-8ea5-744e25a2b3cb,6,177.79,2.19
f299f22e-3a75-48c1-9170-888efdb8b246,0d4c160e-4b51-4d4c-a28d-0dcaefb77a95,26008f5a-41ec-41d0-993b-1ab2fb21e89b,8,315.14,18.46
7d3c1d45-2933-49b7-a71d-0c9a847ef1d9,132be9f0-3318-4fbe-a31f-4ff154a3d8d3,ef78c195-e1aa-42c4-b454-7ce83a617919,5,161.22,6.3
db163e60-b557-4881-b5aa-98a05b6e0b60,13439b5a-804f-4ff4-b426-feef58f911f1,af746768-33d5-49ca-9fe3-2114df5157da,8,108.81,17.9
9d5cdf56-ca42-42f5-87d7-5547543d7bad,2b890d67-ff1f-40b6-bf0e-f771ec27b22f,71c9731d-3cfb-4468-96fd-a734311b178f,2,100.47,3.71
7d0b40cf-f72f-4d9f-acf6-cbf0b0be1932,2db5686a-b28b-445c-9c5a-b7df89d9e505,f6e5a896-1ea5-46b5-b9ec-46ebbaa8e5c3,7,574.45,4.57
687ebe90-554a-42e3-ae6d-c0b105933a1a,503cfd22-4731-4369-8d0a-c42cacd94792,040259b8-5218-4808-a18b-d971895a792d,4,241.35,15.87
f2c82d49-927b-4607-abd3-93577b85da80,7b8106e2-8267-4758-a571-9c83ac4acb6a,33c1112c-5d57-4edd-9ef4-14857115af94,2,490.02,17.9
eb4e1158-fcc2-4d6f-aef1-b61140b20789,33fd1d4e-ad11-4859-a683-a63db6daa70a,f832c306-7d15-467a-a5a7-a2cb36b38aca,7,235.63,7.88
928c0c88-575a-41b3-afda-41949a9fa14c,cda08f31-45c5-4c8c-a1bf-4c791ccfbbd2,419e202a-bbc4-402d-8705-11971b2553a3,4,205.13,6.5
554c2e85-dde6-4704-9904-f255c18de9d8,1a5937bb-8892-4ce7-ab1e-ce659df5b7e5,fc87adc4-6bdb-424d-a2a8-1664b2e81473,5,599.28,15.9
9fc67618-c4f1-41f7-aa67-d96a910f246e,0e7fdb49-21b6-4093-8b0d-dccba82882ec,7c32211c-f2e3-42f6-bb32-c46b673afc4e,4,366.07,16.0
6b94eda9-5ca9-41a9-b966-228535c158bf,c7f6bbe3-bd5b-44fb-9610-6a3972c2a970,771d943f-a1d2-4491-8575-2be1b19f96a9,10,502.99,18.92
1e58d3b0-404f-4c64-bbff-5521d2144fde,fefd6333-0ad7-4764-bbb4-4df7329e1fb1,10ebedcb-992a-492c-8dc5-f10ae2d58ddf,8,539.16,14.85
03c8bf1f-f70b-4df7-9c07-0414eb8735d5,c8fa7abe-ebf9-499f-ba59-2c3ed65c88c9,b93edfff-f15f-4af7-a606-74c91b5f2225,10,174.78,18.91
d9dbe8be-fcf2-4707-898c-0a4dda1a57dc,a54069e2-15c6-40d6-8eef-0208d48c5039,427d9216-93d0-47d6-8ea5-744e25a2b3cb,6,220.43,16.79
7e589e67-bca6-41c9-a57e-ffd2daacd3bc,f63bad29-a2c5-4831-9bc0-18c10b174ee6,2d29c279-d81d-4ddb-867d-aae218d00123,6,238.68,23.91
2c61d552-a235-4f9b-af53-9f79db0a573d,98e50d24-e87a-4345-8b76-c3bdcf07f07a,e7372148-fb57-4c4c-971a-dd17d2a48365,7,240.66,18.14
b6f16690-e91f-42b3-a50e-a0dcf100b4a8,8e838f00-e255-4210-b781-71cd7c96c6bc,3529363a-dcb6-4444-9baa-8d1c933b7adc,6,402.34,12.64
b4c079cf-a1c3-440e-ba9d-3da43954eee8,85d7258f-0dad-449f-8665-c010b87af68b,a7443c19-e3bc-4013-b3b3-e324ea187dcc,9,110.51,18.07
3f16fbd3-e96a-466b-961c-5607fff61e76,e5772dee-a69e-431d-8653-1d6e91521148,701af7ba-1030-4e57-a979-47ca69e4d3f7,2,211.78,5.5
4938af1b-4e57-4813-b3a9-428258b196c0,b2acb851-d126-4406-b97b-c5a89c802d8a,f584146f-ba01-4dd2-84da-bcc2d075024a,8,415.28,14.32
36019e26-eb57-4f90-847c-467186c90777,21d69008-f21b-4055-9979-22eaf9cfa95c,b96b0e05-3061-4bd1-875b-eb7f069419d2,3,179.69,1.89
123e985a-3250-40d4-8c02-672eeee507a4,7cea57a8-02e2-4161-ab72-9148e05ee201,eea1bfa7-0795-45b0-9298-b9eb2f1a27a0,-5,377.24,15.75
40e12a46-5969-4786-9618-92e06ad30e10,4dc9c6d8-d773-4520-9f0f-898dab1cd0c8,ef225b0e-cfed-449c-8553-3cb4aa647037,9,59.84,24.08
727f0481-9542-473f-8f43-cd14eb555e3c,00492f15-6063-4463-8593-86b86497ce02,1c1ee289-0c3b-43e8-9dcd-6d2ab2773fb2,1,205.78,17.7
e7d1c1a0-464c-481f-a861-dc3b94a678a7,0e7fdb49-21b6-4093-8b0d-dccba82882ec,f6de87c6-2179-456c-878f-18625f9ca548,8,325.4,27.33
2c96e06f-0f47-4600-9b44-7a1f386c0c15,1bbadf87-5d2c-4dfe-bf64-bc9628d713a0,8d73549f-d6a4-4f12-985d-8fce52beeff3,9,261.18,8.99
3751702a-d20a-401e-8780-c50ada45c8b9,09cf5f23-c8d5-4f7c-8555-4e4bbdf6d264,c1f90eb8-386f-453e-8269-96ab1690731e,6,465.97,1.69
ed7b0265-12d0-425b-970a-a36024b4600d,7559ef93-d073-4b2a-afb1-145907fa38c6,a9d8fe71-06e8-400c-8441-d9723cb2664f,3,261.91,6.68
61f1bca2-a3a1-42e8-9abd-abc3272c77b6,01ae88e6-6ef9-438a-9a86-c529adccb5d0,023ea2f8-2344-4831-a841-ba75e069ea2d,6,85.05,2.35
cecb774e-a297-49c6-a319-3f3caa01324b,5d6a34c3-3447-4ec0-8663-b34f2e781a2c,44a5d4a3-8b1e-4e07-b89f-05b00425899d,6,291.47,12.52
3c5f2a07-3f72-451b-a217-bc11b08b989f,ecddd676-950b-4d6a-be83-e9616fe3ae44,b32edb43-b94c-4b7e-8995-ea2f8c1d93ea,9,70.09,9.81
507c39b3-3151-4058-96d8-b137648a8cd0,b4f2dcec-d12b-4989-95f7-33f3833b8a35,cf917dab-b2be-4a67-bc4b-95c4b3311382,5,380.3,11.0
7522f26d-0d6f-4813-a2e3-c8fc8c37c712,00535a56-a299-4a67-af60-42951bc5a761,94a1d426-e4c5-4b0f-a774-143ad28c153f,5,131.0,0.15
7ff1cca8-f61c-427c-835f-f1cde80d3c01,1bbadf87-5d2c-4dfe-bf64-bc9628d713a0,499b0931-a5f6-4fb7-86bd-1c282c3459ef,2,103.36,23.74
85694c68-9e21-404d-97d9-30d36f010dc4,d945154f-92e6-446a-b93c-2909daadaaa1,dcb57999-f777-43d4-b400-bbd2e7ccd567,3,21.27,16.23
b7d46a8b-b457-4f1d-9d00-d084650f2cc7,2aa5db8e-8844-43c7-9525-437bad0e5a0e,68f47089-dc3d-4540-a6a4-a0f41ba1164e,7,85.99,6.45
71ec634c-13f8-4800-9b99-b72e24ce1da4,96b0bd82-4fc8-432a-9196-cf1462d1ccb4,f01e2509-f370-4b88-b49b-7b3654ed132d,3,292.21,5.76
d4bf2090-2307-4a1c-841c-b9153efe28b1,aca98643-4bba-484e-92e7-b9c803febedc,a41cc35f-bf25-4b35-b367-37ebee4e1467,6,185.32,3.11
7106bb95-17f6-47be-96e6-79b080e6a487,0117cbe8-429c-4d9b-a476-393763319ab5,e1d295ff-ab65-4dbc-b846-71fe0b045fa2,6,484.79,5.9
e318fcd6-2d6e-4c58-8bd8-cda0b6637cfd,48aee4c7-cf53-4224-a20b-3d56ab2916f7,aa1ea972-fc72-40db-b4b1-353752b81934,8,561.76,17.57
a5851277-459f-4dc0-b6fe-9b7f2d8a43d1,53ba4e24-5f30-447c-a393-1ef7d0f5c5ce,ca91afa4-a7a2-491e-99b7-01deb9719296,2,453.5,6.81
987f2006-9d34-4f2c-a70e-de5e0e20a6c1,3a175e26-e290-4152-b780-3c1830acdf64,143f3664-8dd2-4034-88f2-4ff97b903399,3,522.31,27.26
60a2eb4c-65f2-4f73-81d1-be2981a5297c,037c3e93-322b-41b7-8d81-11e4558377df,0230090a-d16a-4528-9777-28b36c0de6e7,1,542.51,20.73
fa50815e-0674-4868-ba4c-464008cbd70a,29da7896-6624-4043-b597-09d60541978d,02214ea0-e1aa-49e6-bbdc-2d5ba969cc31,9,77.47,26.27
ae874b70-8fb1-461c-84de-91cba144723b,b344ebf8-2bcc-4cc4-959d-65445d3207b5,bafe5e46-1484-4a41-b572-f07bb0026240,8,497.86,24.42
1ba0c3a3-b003-4f9a-831b-4352c02b0f45,67ef3940-d57d-4e0d-8c81-b71b0c3091e2,001577a7-fe9c-41cf-b6d1-33ace8ad2049,8,221.34,13.38
1b8438cf-3432-4d47-b354-692c900026bc,a15ea6e6-78e9-4e1e-85a0-9e453e7de665,46153b3f-77b0-45b1-bf08-463b5d3d00e5,9,41.37,12.2
583c2e06-ab0b-494a-97d6-ef0c531f1e3e,5aeb1bd9-10c9-4021-a3b0-8e1ae334aab7,14608648-1b64-4fe0-92ff-5978d58187bd,10,187.62,24.26
212e8079-2932-48c6-9a73-0002dda3d33a,29da7896-6624-4043-b597-09d60541978d,b65909d1-b68c-4e86-b3b0-69301cfa936a,8,172.75,14.49
7ed4ab7e-d8fc-43e3-8818-a9a40a3f7e7c,de150542-b821-4792-adb7-9ee0242e6afd,1641706c-f5b8-42e8-ad4c-5cce283a61f3,5,71.99,7.17
c161df23-a25a-41ef-affc-e64c75fb9297,98e50d24-e87a-4345-8b76-c3bdcf07f07a,771d943f-a1d2-4491-8575-2be1b19f96a9,2,510.62,0.34
10e3c06a-e1de-4c9d-910d-ebdfebfc2273,13dcc8fd-8f0a-4942-b9da-25d9b8b140c4,88fda90c-9506-4364-a766-c2e912cb0660,3,573.49,5.23
f675a92c-89a8-4bfd-9fe3-3e903a15c76b,ceece2db-8ad3-45ef-a81f-06717fb6ded5,8796a647-c996-42db-9002-d0d0e57408a2,5,494.72,11.69
a31da0a0-4c8d-4aa0-9999-8097ffe9ecda,fcb25a67-ccf1-48b5-9c93-149e44b94ac5,7f811906-e536-4a68-89a2-cd8c66e36ef7,7,292.53,28.41
822b88e3-d6c3-4cfd-9dfc-bc65d6205342,49a0d753-58be-4baa-bf92-4c1059d57d3d,14bb27f8-5ab3-4cb7-a93a-6cedfabc3ac6,9,29.45,23.85
22687054-fd0a-4915-9d1e-6a0f6d1a7ccb,96b0bd82-4fc8-432a-9196-cf1462d1ccb4,183a031b-e18f-457e-a308-5879e3fa8e6b,10,429.98,11.55
3076ab54-4c6c-48d5-8423-16cdf5045bfa,49a8ccea-5d74-4ab3-883f-6a31fcf1595f,bf45556d-1092-4f96-b03e-4a55881d34be,9,580.88,7.49
408692ed-db2e-4719-b832-fdca2b8ae23f,0f614307-d06d-4713-afdd-e5b0a519182d,756572cf-360a-4545-a5f3-f3f3a075fdbe,9,88.41,13.08
3460dddc-bb97-465b-9789-9eabf4559db1,697a61b7-e92f-499f-a813-79bc38753e84,18dd1d99-06eb-4f1d-ad84-94d4c30e1a56,4,535.91,17.43
fc8a6293-3b67-4f06-89f8-857af88e49e4,13dcc8fd-8f0a-4942-b9da-25d9b8b140c4,7df75deb-3138-4bc7-9441-78c9b48a9533,4,591.98,18.99
acca28fb-faa3-4c81-ae99-bb3981a7fa45,b035e86f-7c15-4c61-aadd-4dcc0b2903e1,7df75deb-3138-4bc7-9441-78c9b48a9533,8,461.58,23.36
eeeca26a-20d8-4002-90ba-27844f267f4f,09b20461-a6bd-4346-9de7-1fcf4d437a40,7eacd530-e0b2-4777-b5ac-17afb6b605c6,10,75.73,13.67
d9ec89bb-200d-490f-8927-1c36257c6ebb,6b2485c3-c2c0-4a05-9a3b-852f84ab68a1,348d42be-0d2a-414a-983e-b5257d62c0ba,2,593.55,9.8
5cc9f2ab-0acd-4838-9898-3c0f8a23c4d9,5d6a34c3-3447-4ec0-8663-b34f2e781a2c,1060eb1f-22a4-4efe-a1e4-f28ef2d584e6,1,388.43,25.88
9173960b-1f44-4a6a-b2a9-2af03ca81318,cd8bc169-fb0f-4ba1-b45c-ea617a7e5470,004e03dd-f5f6-45f1-b2de-18198da74ca2,8,119.17,14.9
0008157b-e264-4457-9de0-8b29e67d8d9c,49a8ccea-5d74-4ab3-883f-6a31fcf1595f,bbc98201-0d85-4516-822e-f133dbd0447f,5,336.01,21.49
44e47deb-21cb-4f28-a15b-d600f38ef2b0,dbe5bbd0-1fcc-4ac1-a0a7-b2231473403b,bbc98201-0d85-4516-822e-f133dbd0447f,10,494.08,15.21
0cb76350-350a-4a81-b10e-ce30477d2897,0117cbe8-429c-4d9b-a476-393763319ab5,e7372148-fb57-4c4c-971a-dd17d2a48365,7,100.71,4.45
8a35460f-90e6-48a8-aa15-7a1f41634c78,90e4a293-9b5d-4e1f-98e5-ede555b1d95a,d05ef72a-52b0-4459-81eb-188462328299,4,597.23,15.7
3b08f943-7de6-4d20-b0ac-11c82a7c40a2,14ff18e0-5ecd-441e-bd87-cd575108292c,023ea2f8-2344-4831-a841-ba75e069ea2d,10,439.15,3.98
13032723-e76c-461c-85c2-8770d5dda9d0,4488279f-8993-45fe-a749-47baeb014bdc,06333be1-00da-44bd-a903-c3b26f6d6386,9,545.04,28.32
8a716280-ba2b-4e7a-ab6a-01eb4932f41f,b754c590-c14f-4401-82e8-b0c20b6116f9,190b7d0e-b350-4363-99e8-e33ef6fb88a4,3,280.86,28.49
bcfc0c75-a2c4-401d-a5c1-81a2b36f0939,472d45ec-c74c-4f1e-b901-7d8597521ebe,8bfffc49-aba2-4843-8df2-c325e089ce75,6,498.36,27.61
946af466-fd35-4df7-a84f-39fdfc9750ce,697a61b7-e92f-499f-a813-79bc38753e84,2013118b-abf8-4baf-8896-22439f2fb38a,5,497.13,8.52
c9195498-ab75-4aa8-b24f-146dd08dc227,b3810879-129d-4caf-83bd-9d49ff89c5da,df3d359e-a0d8-4474-9743-6f61e3d25767,3,280.35,25.57
96f62e02-b9f0-40e6-9f55-cd0623c53013,d20f3da6-116c-4751-82a1-ec62a0238475,8d73549f-d6a4-4f12-985d-8fce52beeff3,5,305.64,28.37
09211234-916a-4f12-9488-1d30302e4131,d15ddf51-5e24-4802-91f6-a31ba8735f01,9173b5d8-04bf-4a04-94b1-bbc7c8a19a58,2,54.18,28.0
622e242d-adc7-4dad-a6c7-a22e4d950e61,f222322e-4c3f-4f03-a343-513b2c42f5d9,b4c890ca-d772-4046-9b7a-2559fa8b095e,6,150.74,26.7
46b38c9a-e891-4ce6-aee6-a566f44ddbbe,64723236-4ef4-44ed-a785-7d85ba56d0f5,73defd8f-6547-4d45-b44b-aae0a5f7fb7d,7,441.84,18.85
8e607ef8-fab9-426a-8ca8-f08e7a8ed1d2,10bc01e6-35e8-4724-99c7-ca82cae9754b,0246e92c-5131-436d-ada3-421f490034f6,8,273.77,18.77
d51a392b-cc77-428f-81c8-a9c0cdbc9eba,56cb195f-1ddc-46e1-88b4-37202b292221,c96555a2-57a1-41da-9a03-ea10e2f1df02,8,370.52,0.51
50c65ef4-3b32-48fc-b360-281d42739128,b366c487-d168-4369-ac2b-2dccbd5d3c6f,b3f6f63d-5b5c-47ba-b92f-a58f08bae2f8,8,481.84,19.07
d0036cbc-7cf8-49ad-bea2-d25a12a40abc,b3810879-129d-4caf-83bd-9d49ff89c5da,ca594a5a-5916-44f5-b7a6-65643604931c,10,139.65,9.41
aefb35d4-568f-4a93-8d9b-3745115946c7,d9a47742-53a9-4656-a13e-542229251ee3,b4c890ca-d772-4046-9b7a-2559fa8b095e,2,475.12,20.22
db308b87-4934-406e-9e8e-5b810f98bda2,2d00339e-b40f-4ae1-8e30-df9119f1b74a,af746768-33d5-49ca-9fe3-2114df5157da,6,373.59,15.74
0031e68c-247c-4737-9722-67517d1b96b6,f74bfbaf-6e5b-42b2-b90c-1044e9f11754,ef78c195-e1aa-42c4-b454-7ce83a617919,2,435.57,17.94
814d15f5-9d10-4890-8b8b-f916710c6d5d,c80bb2c8-8cfb-42cb-935c-8c2b00177d43,6ad776d2-3e3d-4a08-b1ae-5c4bcf126cc8,8,329.42,11.82
54d6952e-b6f0-4a91-8ddd-1df38a85fabc,db8dfa36-42c2-4ede-aef4-5994cefc92b7,227ac9a8-866e-405c-bc08-a866fd380642,10,245.65,1.31
7a08421f-76ac-4b34-8a9a-8ac154ab068c,7585c969-7806-4b48-ace6-952f92ff6848,803e8cab-1e4a-40e8-b2b6-f1a7dc3383de,2,130.18,27.13
b4c8b664-1d65-4c49-9b4c-6fab5d74e097,f15163d6-bfcd-429a-87ce-27bbd6f3a8b6,0150c37f-6fc7-43bb-911a-71c43e48ce04,3,425.95,5.21
f25e8b69-8d82-4e37-9809-4c0a098df055,899d4940-529b-4318-982a-3bd8e5a79d09,aa3cc0a6-29db-49be-8e02-9b04ac2d0168,-2,581.38,24.51
ec60a854-a150-4445-9892-add2b904e8ff,d5e7ad61-63c1-4c91-a9e1-01ecf83d6598,e91718e7-9b0d-439c-8fb8-46a2630560dd,4,422.26,26.05
70340057-603c-458b-877d-9e7ab31f08ae,2c74234a-0f63-4b68-820a-12e0a9681852,16e21785-2218-4d08-8c26-c8814c2f455c,6,552.81,18.25
574c072c-5f39-4140-867a-52629f5e3161,7ca5d9b6-ba38-4318-ad32-0357ef262b19,d8629d60-655b-44fe-bebf-1808396e87a1,7,316.75,19.75
b1b824f8-4b86-488a-87af-47efb4b951d0,028918d5-4f06-4783-b139-5e6047095a5d,a1693e31-3993-4688-8cc7-cd30665411e8,2,150.64,12.6
e8ed671c-71b8-495f-88f3-cb487a87a9d2,9483663c-fa6a-4ba6-8f86-c7228d6e87bd,66e40b78-e589-45a3-b19b-715271e034f5,2,230.87,11.6
73ccec35-dfae-4a72-a180-4e38d764ce8d,cfcf70c5-c496-467e-97e4-89f6bef22c04,1850ef76-c00a-459b-99b5-bbe32a9805c1,9,355.31,18.75
f92dd422-9869-4568-865e-ed858892cc70,05eeaf06-ab31-4e43-ada0-3f88b20f09af,499b0931-a5f6-4fb7-86bd-1c282c3459ef,8,577.79,1.51
7018713c-21f8-4bec-8e80-cddcbf715e85,244bcc14-d684-435e-91b1-411a74b3c94f,d11f61b0-3a98-4f27-9fe1-aaa3ee0f3272,9,299.01,12.14
1bb41fac-bb1b-4d52-911e-737e728c13f8,7585c969-7806-4b48-ace6-952f92ff6848,9abf0645-0753-4614-af84-1f625e81ba3b,3,438.3,22.67
86b6640c-2396-4a82-9de9-c2612a57ae9b,b2acb851-d126-4406-b97b-c5a89c802d8a,abb7d3dc-52b7-44e0-9055-6fda9c1dee0a,5,391.17,8.01
44511e77-2e47-4350-921d-d39043ddde34,ea72c2d8-dcf4-4769-b2a9-b0d8e0fdb0ed,e824c827-406d-4113-82ee-e9bf5de1bde8,1,272.15,21.71
8e36c84b-2ae1-455a-8bc1-c010d4008434,f91a0c27-d6eb-4b1c-948e-268437428b90,dfb29027-eb29-49e1-b718-9f0330c091c2,2,103.67,6.65
21328393-e8b6-4a03-b872-1eb1a753abde,c4202af4-0aef-40ec-8b4f-4c76e2ada080,8ef0bafd-4e30-4635-8126-bd214d4fd3d0,3,350.24,5.21
4562e31f-9be7-4794-8a67-2f451755f891,a28da9bf-f6ef-46a2-b9d7-a27bb201447e,a1693e31-3993-4688-8cc7-cd30665411e8,10,560.29,5.59
5fe00a2e-0e49-442f-a8b8-7e617481b959,502445b8-6466-4af5-b418-d392debbdcb5,427d9216-93d0-47d6-8ea5-744e25a2b3cb,1,366.04,28.06
6eb4cb3f-3e3f-47b2-a760-e25d21c7b00e,f63bad29-a2c5-4831-9bc0-18c10b174ee6,0e6800aa-d916-4b8c-9949-e359cdd1da7f,2,393.28,2.16
494d8081-c76d-408a-b38d-6cd3df71e3e3,b0761cb8-6876-42cb-991b-313029d90269,0543f094-1cf9-4d58-bfd8-d451bb95cc84,1,341.13,7.28
aa7c7884-95ed-4bfa-825a-18a67d2588b5,7a6fd8c0-5988-46e6-ab89-b6901627c7a6,8eb3bf37-c08e-4ee1-9bb8-2f9df3ae5088,4,486.26,24.4
d53c9bec-a779-45b2-919d-644f515478ea,e4fac1ca-ce1b-4554-b015-bf90f19ff152,50c3db05-4d9f-4841-bd8e-f4d9970f204f,4,516.67,8.27
67c3d651-ab63-4244-ac73-9a9763237d69,06deae20-c147-4e72-9f6a-5a87d2adc39c,9cdb1599-f2bd-468b-8cc2-770d2ca4005b,9,439.78,28.41
4b11eeeb-da02-4b50-8a2a-5ee583fc6403,40016a9c-e7be-4359-b0ac-339de9744d5a,61e93218-2afb-4e86-97e4-ff02eaebf8b0,10,419.41,4.6
7a17d099-95b5-4d1e-9a31-1cffda1f94da,c4d119b3-db54-4f92-b64b-ef52c95247a6,2f785653-8983-41f1-9c96-2742c00e5b85,10,284.16,19.0
57a5b892-5b4f-443f-a0d2-18adb30842af,6d61a03b-ddc2-44a4-8c07-4bc01a851f72,36085bc3-f0e1-42f3-992f-9a248adf975b,1,152.73,7.53
144fc0dd-2db6-428d-85eb-f6c6f8ad27e2,85686533-7a59-4a5e-af91-4146201fd75e,848a5252-1c4a-433f-b773-551d0b8d7dca,9,232.53,21.04
f6a53ebb-1b87-4b4d-bfae-17196ec1a6b5,0c189d61-51b5-4ac6-bf4d-240e7056d6d8,b9a0f31f-17d4-45be-b788-8317707a7560,8,397.11,0.29
108cbf20-6727-4cda-b003-a3a9ae68fb2f,4bbdc19f-f910-4d0c-881e-85756f2cec74,7eacd530-e0b2-4777-b5ac-17afb6b605c6,5,442.6,26.86
5822d1cb-e6b8-46ef-83c8-be4d4cfb4c50,8157f6f1-4872-4f7a-bd85-d7c51ee8c127,b89b29c6-89e9-47fb-b51d-82b4f376883b,3,324.81,6.34
d04ca133-3f7b-44f8-b7fb-cef119f0cdbc,fcb25a67-ccf1-48b5-9c93-149e44b94ac5,b32edb43-b94c-4b7e-8995-ea2f8c1d93ea,9,307.76,12.23
9159b0e6-4e61-4b86-afef-d8c6f20afb90,f18f787e-a54a-498a-b90a-1c6f515891c5,c75dfcde-1e66-4753-8632-9c3c18bc68b4,4,442.13,28.7
c7a9270c-8e33-4925-b4c8-8f2de19aa723,132be9f0-3318-4fbe-a31f-4ff154a3d8d3,513f21ea-0535-4c1c-8e86-9cdd2a49dbd5,-1,33.74,16.41
dd49b897-0f2e-4d9c-900d-30c524a0fe1f,347bd641-0bb4-465d-a3e9-517f01fde714,06333be1-00da-44bd-a903-c3b26f6d6386,3,436.16,14.87
87d73f41-2db1-4ee2-a288-c85b35bb68f9,931a534f-7014-447c-b97d-6f7dbfce5ebd,aa3cc0a6-29db-49be-8e02-9b04ac2d0168,8,416.89,19.18
cf256904-49db-4237-a364-0b285663f85c,a54069e2-15c6-40d6-8eef-0208d48c5039,7c8689ef-1855-4870-a592-bb8f2120eb46,10,16.75,12.38
68fabe4a-a198-4d88-92dd-b111f5d080f9,f91a0c27-d6eb-4b1c-948e-268437428b90,d7c05166-193d-43c8-ac66-c41c5e70db44,5,478.31,22.97
cb37cc25-84fe-4ac1-b923-60c68c86525a,3689cb9b-7d6d-4a1f-9f0e-26c99f776da6,8808de6b-c3a1-4503-84a6-abef07c40355,3,234.11,1.93
95400dea-1f25-472f-89a4-9ac8431cbc8e,7adb3788-de62-4733-b1ba-9140832510d3,12f47894-ea8f-42e3-ba55-76df9098e17e,6,369.04,19.78
f70f9880-c6a5-470c-83c9-24d16a528ff4,04371c40-1e19-4680-b414-1a0036fc2be1,8a129cd6-04a8-4adf-b8db-c6b4e827306b,5,313.01,2.86
800cde30-f898-467c-a69d-565dda3c614d,e948f143-76a3-46cc-92cf-139d1b401542,0c57199e-1667-4e6b-9d11-715e9f11d415,-1,365.8,2.67
2bd35541-0a55-40df-a1e2-7082b6aedc43,d477ff82-894d-40a7-97f3-f12607b68015,3cb6fed6-12b0-41dd-92b5-8c53b90afdca,5,324.51,13.0
cf648fe5-0446-4b12-a888-59997d269af2,6f5af5e3-6e2c-4a9c-b448-be1d7b63838a,5fd69a8e-c595-4232-8b50-c9933d810672,4,385.23,13.08
f556a29c-5f04-471f-b1c7-883dbe58d8ff,d391ff81-b1fd-4f08-b547-f73547e44e07,277b6f49-242c-40f9-a55b-32eb1b6a71f3,6,457.6,0.96
080c2678-022e-4a38-950e-994218700731,46877725-ba59-4c3b-8638-4194a3e7207b,b65909d1-b68c-4e86-b3b0-69301cfa936a,10,599.4,27.08
53274f52-6211-4744-a6af-168e71b8b458,7b8106e2-8267-4758-a571-9c83ac4acb6a,c1be26e4-fbe6-40a8-983d-8070f346fe44,10,212.67,20.05
711c607c-4a17-441d-870f-ce86b135eb7b,4dc9c6d8-d773-4520-9f0f-898dab1cd0c8,fc6d0efe-a921-43a7-bd3c-fc341cd7d1d4,10,241.29,12.86
29f49895-3a78-4a08-8827-9c4c54e76a08,71954eec-66bf-4139-83d9-479732404553,cf129f4d-bc66-4149-8faf-48eee493c339,10,148.48,19.02
58da327b-bfd1-4f54-b129-af9044112926,cfcf70c5-c496-467e-97e4-89f6bef22c04,b4fe18ae-5918-42b1-96da-2b8cb0e7390b,5,570.91,9.83
57b0776c-f7d1-46b0-b23d-f02e2b54ab55,bb7f23b9-f5b7-493f-bee5-f3431628eace,ab9fd4f2-e2e8-4d3d-88e0-c1a8667a1f6f,8,20.14,4.73
bed048c0-c35e-44d7-821c-4ff5253cc6a3,97fae99e-327c-4cf1-9338-b923365d8507,30f28588-c509-4687-b00e-7b0d68c894f1,3,477.69,15.45
d01bfb0a-1cfe-4cf3-8fb4-63b736003a5d,375e099d-32dd-4185-bae2-30680438ca9d,bda89fe4-9764-4ce2-8bbf-a19d01703690,6,283.97,17.93
41a88d9a-eee9-44f3-a911-d9f4d9f02e83,9b6b7ca1-7964-4753-9692-14c2e4b13122,66e40b78-e589-45a3-b19b-715271e034f5,8,28.29,25.63
5c7597b6-85a4-4844-9df8-f0f3afe22a5d,b7aec59b-975b-4d08-8c4a-13be6cb07338,8541d620-c853-4fc0-b4e5-77e4972812b6,7,232.12,14.47
a1fe719d-d234-4b7e-bb6a-7c2c89b87bff,8891819a-9418-453b-b4a5-fe055bd08634,6c39cc3a-ec18-4f01-8af4-52ceff053d2e,7,247.18,22.99
de50f8cd-97d4-4758-94dd-e20e7638b8b7,e7ad10d1-73b6-4401-b6db-4e6cdf02ce21,b96b0e05-3061-4bd1-875b-eb7f069419d2,8,202.21,23.94
906b875b-6f55-442e-a1cf-4bef76c552a2,2543559a-e788-48e6-b89e-84b57f130519,1d9840f6-324e-44d9-8656-1a7e86e93476,5,79.04,21.85
0f3f0f0d-5b7b-4393-8cf5-8d12767f3385,92ee59e7-74de-4cf4-9474-634926c3b632,59d0e04a-48cf-4b8a-9b6c-79726846dca2,3,596.29,24.85
1ca200b5-aea2-4db2-a1bd-494bf5a50e20,6ebc3adf-9191-4716-8588-96443d0f12a9,e9338f5b-11d1-4c4b-9f1d-7aed9b092e01,7,187.11,12.24
40bdf60f-8c89-41f6-9916-ea282b134ebe,a15ea6e6-78e9-4e1e-85a0-9e453e7de665,277b6f49-242c-40f9-a55b-32eb1b6a71f3,9,32.45,2.5
d579a957-3d0e-4783-a8c7-32b45f53d671,6eebf650-ec56-4eca-b0bb-2f0554f02178,32f08cbe-4989-4277-90cd-875415dee026,10,188.86,4.89
308f218e-7e6a-415e-aa20-27bc859e0698,10832b41-b851-42a4-91a9-1e347e81576b,9fa0fe8b-6546-4be5-9371-0c72196ed2bb,2,60.81,26.24
177c649a-8fc4-425d-967e-55215d389d54,14ff18e0-5ecd-441e-bd87-cd575108292c,30bbe51c-1fb0-4447-b63a-04045e43c7c7,7,96.86,14.94
95337dd5-69d3-48db-ae4b-bb0dc22f144f,90269ff0-6f47-41b4-82e1-7a5989c01441,8632ea94-68a4-4c36-bcb9-a658f8306e41,8,296.56,24.31
ee2c7cd0-a7ca-4c68-963c-f89588bec0a6,b634c9d3-c41e-4c1e-bc76-e24d1f3fa531,24620dc7-3a22-4bc4-9d53-f0b6e32dae75,3,371.77,24.48
