product_id,product_name,category,subcategory,cost_price
183a031b-e18f-457e-a308-5879e3fa8e6b,Decor Item 0,Home,Decor,256.28
05be7b1e-fe15-41fa-99fe-4217d6528be3,Women Item 1,Clothing,Women,271.15
5e3f7cc6-632b-49b2-9eb9-6fa0d6cc5d40,Non-Fiction Item 2,Books,Non-Fiction,130.9
b2be4e4f-ee07-4848-9c3e-ef0419493bd5,Accessories Item 3,Electronics,Accessories,446.15
30f28588-c509-4687-b00e-7b0d68c894f1,   Fiction Item 4   ,Books,Fiction,85.25
7c3166e9-5d5a-4076-bf1d-790012a467b2,Non-Fiction Item 5,Books,Non-Fiction,35.37
70e252c4-e492-422a-893f-ea36828ac817,FICTION ITEM 6,Books,Fiction,63.34
96693e54-d6e2-4047-9b83-59ebc397b7bb,Phones Item 7,Electronics,Phones,165.8
10f490f6-c201-4554-99ae-b0ce09605ee4,Decor Item 8,Home,Decor,268.15
c6de7b83-d4fd-414e-8e10-8714ac839b66,Laptops Item 9,Electronics,Laptops,53.64
c4609bee-d34d-4ab0-af46-c55962bcefe3,Decor Item 10,Home,Decor,167.66
4ff70e62-e6f7-48bb-ac94-d156bcaf247d,Kitchen Item 11,Home,Kitchen,390.49
7df75deb-3138-4bc7-9441-78c9b48a9533,Non-Fiction Item 12,Books,Non-Fiction,54.07
c4364fa4-0efe-4b78-bcd7-22068ed3b547,Fiction Item 13,Books,Fiction,88.21
719f1995-e039-459d-956c-24b65689af8e,   Kitchen Item 14   ,Home,Kitchen,153.34
8632ea94-68a4-4c36-bcb9-a658f8306e41,Phones Item 15,Electronics,Phones,102.54
45ceda3a-ab15-42a8-8d9f-40e64a1f2cc1,Laptops Item 16,Electronics,Laptops,17.18
8a129cd6-04a8-4adf-b8db-c6b4e827306b,Decor Item 17,Home,Decor,141.38
a734bc25-98c5-4bb9-9fb5-7cd6e5cc37b4,Men Item 18,Clothing,Men,21.16
aa1ea972-fc72-40db-b4b1-353752b81934,Furniture Item 19,Home,Furniture,55.38
6eeb7deb-9113-4ba2-a34e-c5befe63d23f,Comics Item 20,Books,Comics,249.31
a7e25ab3-702f-4896-b69d-6a380217b121,   Accessories Item 21   ,Electronics,Accessories,339.68
920688f2-7c3d-483b-bdec-df5c43963ec1,Decor Item 22,Home,Decor,392.78
073e9d33-8317-45e0-b169-49fe5dae68cf,Decor Item 23,Home,Decor,225.15
440b1102-6fbc-4d0f-ada5-b15a0858112b,Fiction Item 24,Books,Fiction,231.02
5a64b73a-c44d-42f6-8a48-9d735942a96b,Laptops Item 25,Electronics,Laptops,296.49
2d29c279-d81d-4ddb-867d-aae218d00123,Kitchen Item 26,Home,Kitchen,359.51
4054b94d-9171-45b3-bc23-0d90004adfa5,Fiction Item 27,Books,Fiction,319.61
c75dfcde-1e66-4753-8632-9c3c18bc68b4,Laptops Item 28,Electronics,Laptops,145.01
7fa652e0-aa11-45c4-a510-ae7b53f8e56a,Accessories Item 29,Electronics,Accessories,158.23
9a93be5c-f0fd-442b-95b7-600ff164b9cf,Phones Item 30,Electronics,Phones,223.14
6c39cc3a-ec18-4f01-8af4-52ceff053d2e,Women Item 31,Clothing,Women,293.81
2f785653-8983-41f1-9c96-2742c00e5b85,Phones Item 32,Electronics,Phones,226.76
f5dbc579-46bc-4202-aeac-aa800036c1dd,Women Item 33,Clothing,Women,25.19
dea2f6bc-f41e-4413-89e6-80d4ed50ffc8,Laptops Item 34,Electronics,Laptops,277.61
69b43345-efd0-49d5-9af3-a109168609db,Decor Item 35,Home,Decor,349.83
747089cc-2b57-4f36-a485-b4de565e4bf7,Decor Item 36,Home,Decor,428.42
75b1534d-3fb7-4cbc-a193-317380227d4c,Decor Item 37,Home,Decor,212.9
f8787369-ba82-40f7-a172-b21160f18bb9,Laptops Item 38,Electronics,Laptops,486.94
3df3dab3-fc93-4267-83d2-cb4ab1c35cd6,Men Item 39,Clothing,Men,162.73
9efa512d-2c07-433b-b100-77479899c494,Comics Item 40,Books,Comics,391.47
b9a0f31f-17d4-45be-b788-8317707a7560,Fiction Item 41,Books,Fiction,371.79
e7070a35-ac92-4665-be40-8d16ce1bfaeb,   Men Item 42   ,Clothing,Men,70.12
d05ef72a-52b0-4459-81eb-188462328299,Decor Item 43,Home,Decor,105.72
cbcc254f-3d60-4634-9e4a-d9d893b7850a,Decor Item 44,Home,Decor,434.62
87b94d59-5e6b-4233-b5ed-2b59854fbbf2,Phones Item 45,Electronics,Phones,296.22
9e254e24-1749-4f7d-957d-0d42ad57c01e,Fiction Item 46,Books,Fiction,370.28
e4d76cd0-a06a-439e-aa69-1cc685123b72,Accessories Item 47,Electronics,Accessories,131.88
6b2c7a37-77eb-4a12-a2d6-74e3cbb1d8f7,Furniture Item 48,Home,Furniture,352.67
2ecabe78-289f-41f7-b7cd-620552e6d40c,Decor Item 49,Home,Decor,121.31
a399d3c8-cb43-42f9-99ff-e7ff8923d388,Men Item 50,Clothing,Men,476.07
4254382a-1fc2-40f3-827c-6a0cd83e952d,Kitchen Item 51,Home,Kitchen,212.32
7429f737-2899-42b0-a375-dfaa9417fd22,Fiction Item 52,Books,Fiction,356.93
5c804ad4-1a35-42af-b53f-f0f32d5cebcd,Fiction Item 53,Books,Fiction,468.92
79aca2be-8947-47ae-9f44-e972f5ee6d29,Furniture Item 54,Home,Furniture,297.6
4313732e-6cd2-4e32-89da-f8ea03422a86,Laptops Item 55,Electronics,Laptops,176.55
4e38cb09-485b-4ea6-88b3-fc220f666624,Kids Item 56,Clothing,Kids,173.38
987ae68b-1a92-441c-a6cc-3fc00a0a5d20,Fiction Item 57,Books,Fiction,182.97
8d73549f-d6a4-4f12-985d-8fce52beeff3,Laptops Item 58,Electronics,Laptops,437.86
f832c306-7d15-467a-a5a7-a2cb36b38aca,Women Item 59,Clothing,Women,14.64
f8869b98-7169-4b55-b93d-579b4a199038,Phones Item 60,Electronics,Phones,329.07
ec6603c0-dad2-40a6-9c07-077d48257c01,Fiction Item 61,Books,Fiction,48.76
59d0e04a-48cf-4b8a-9b6c-79726846dca2,Accessories Item 62,Electronics,Accessories,29.13
0ee48908-cfa4-461a-b27d-07534639063c,Fiction Item 63,Books,Fiction,358.94
53081905-ac95-4aca-99c1-95ad515da014,Accessories Item 64,Electronics,Accessories,351.39
e62095c1-598f-4da3-bdbb-fed0029300a9,Accessories Item 65,Electronics,Accessories,294.82
a009a2c5-1bc6-46a2-a0d2-1c74dde7c248,   Women Item 66   ,Clothing,Women,288.55
e0d63903-2d43-42f4-ba2a-f3073f8b7cad,Men Item 67,Clothing,Men,168.46
4734d9ff-2d8b-4777-9525-335c58435c83,Laptops Item 68,Electronics,Laptops,60.19
d7677e3b-446f-4350-8ec0-3759859e6e52,   Accessories Item 69   ,Electronics,Accessories,219.86
74fed7dd-7d8d-4397-8197-36111b91ac15,Furniture Item 70,Home,Furniture,352.65
bda89fe4-9764-4ce2-8bbf-a19d01703690,Decor Item 71,Home,Decor,157.18
111a1427-44e3-41be-ab9f-bfc6fa582de1,Kitchen Item 72,Home,Kitchen,396.42
d762f982-ae4c-46e8-b3b5-635455883a71,MEN ITEM 73,Clothing,Men,271.76
5f20b533-8e8c-4a21-ab78-ca33096bc607,Kids Item 74,Clothing,Kids,244.87
59f5b8c6-7aec-4b97-b2f2-af3116329f03,Kids Item 75,Clothing,Kids,314.05
5fd69a8e-c595-4232-8b50-c9933d810672,Fiction Item 76,Books,Fiction,81.41
7113a70f-ad71-40ff-962d-8d7b06040bbf,Kids Item 77,Clothing,Kids,171.61
3039094f-03a3-4a04-85bf-f57b85c1c69d,Decor Item 78,Home,Decor,184.24
8a76ff7e-2bcc-4cc2-ba28-a2e82e3268dd,kitchen item 79,Home,Kitchen,67.11
143f3664-8dd2-4034-88f2-4ff97b903399,Comics Item 80,Books,Comics,15.97
277b6f49-242c-40f9-a55b-32eb1b6a71f3,Laptops Item 81,Electronics,Laptops,134.24
e91718e7-9b0d-439c-8fb8-46a2630560dd,Laptops Item 82,Electronics,Laptops,18.69
14bb27f8-5ab3-4cb7-a93a-6cedfabc3ac6,Women Item 83,Clothing,Women,227.27
b1317113-29af-4b35-8be1-568429a4f4ae,Accessories Item 84,Electronics,Accessories,83.21
fdefb912-c789-4f14-87fd-1fc0f8a25b46,Fiction Item 85,Books,Fiction,107.35
2b470f91-1144-4a33-a0dc-98dd9d1d1a76,Kitchen Item 86,Home,Kitchen,332.87
fe90f63e-5675-4c7f-8e6a-978dadf04943,Laptops Item 87,Electronics,Laptops,58.21
ba9b2019-0624-4857-8c8e-abbea6355cf2,Decor Item 88,Home,Decor,425.64
35c209c4-d850-4497-8458-872650076e8d,Women Item 89,Clothing,Women,267.5
049697b6-e87a-41fd-bf57-93a0294a0ce8,Fiction Item 90,Books,Fiction,14.21
36938009-fdcb-43db-80d2-9abfd6775122,Phones Item 91,Electronics,Phones,401.97
bafe5e46-1484-4a41-b572-f07bb0026240,Men Item 92,Clothing,Men,287.08
aff44708-57b3-4965-bbdf-e61dcec23f29,Comics Item 93,Books,Comics,103.09
d8629d60-655b-44fe-bebf-1808396e87a1,Decor Item 94,Home,Decor,212.71
ca91afa4-a7a2-491e-99b7-01deb9719296,Comics Item 95,Books,Comics,408.61
9d099c15-9895-4528-9fb3-efa72b647f85,Decor Item 96,Home,Decor,225.54
d47443d5-4b51-4b63-9e38-07488811c91b,Fiction Item 97,Books,Fiction,211.67
0272c270-e313-4d35-84ce-cedf1aa9b507,Accessories Item 98,Electronics,Accessories,368.34
f67b0dd8-91f8-4ab7-94b0-756afb45da4d,Comics Item 99,Books,Comics,229.84
3793833c-346a-4bbe-8811-2b1012b83aaf,Men Item 100,Clothing,Men,232.51
dde23c06-01e1-46d4-ab11-fa75c750a2b7,Non-Fiction Item 101,Books,Non-Fiction,339.11
29f40e83-a890-47b1-b9e9-747c977085d5,Women Item 102,Clothing,Women,486.6
51ec881d-6976-4e9c-97ed-7ba8a82b422d,Comics Item 103,Books,Comics,188.34
87f2b8ce-0bfd-4eaf-9c42-146791b571e0,Non-Fiction Item 104,Books,Non-Fiction,18.77
c9dab3da-cba8-4e1b-b67e-c16bea1de5b4,Accessories Item 105,Electronics,Accessories,179.86
bf64d0e7-8cdb-4b21-bb54-4b4660b71a55,   Laptops Item 106   ,Electronics,Laptops,144.55
717eb01c-fc3d-4761-9031-7340972e6e9e,Kitchen Item 107,Home,Kitchen,216.67
de60e6ed-a150-4979-aa06-e8c1d2c9a055,Decor Item 108,Home,Decor,258.3
e1c56840-74a7-4877-9631-df2bb7f9d72f,Kitchen Item 109,Home,Kitchen,303.09
795e4402-3873-4d9b-83c6-75374cf8d0f0,Women Item 110,Clothing,Women,145.86
e19d283f-c144-413b-acf3-89ae2792372f,Laptops Item 111,Electronics,Laptops,146.16
9d029c55-205c-4f39-81ef-c70bf9581528,Kids Item 112,Clothing,Kids,72.85
40a27335-f8ee-4216-a986-beae4275a834,Comics Item 113,Books,Comics,472.36
60251686-404d-487d-9faa-f26bfdf28e97,Kitchen Item 114,Home,Kitchen,320.23
7f811906-e536-4a68-89a2-cd8c66e36ef7,Accessories Item 115,Electronics,Accessories,370.77
ea04c065-74f5-4fd8-9484-c067100f83c8,Non-Fiction Item 116,Books,Non-Fiction,319.17
0c951e8e-7669-401f-b54c-8db97a0c3a47,Non-Fiction Item 117,Books,Non-Fiction,226.7
b0e57361-2044-4363-bdbc-0dccec4d20e4,Decor Item 118,Home,Decor,391.43
f6e5a896-1ea5-46b5-b9ec-46ebbaa8e5c3,Decor Item 119,Home,Decor,417.44
1641706c-f5b8-42e8-ad4c-5cce283a61f3,Comics Item 120,Books,Comics,261.53
f6de87c6-2179-456c-878f-18625f9ca548,Non-Fiction Item 121,Books,Non-Fiction,11.91
bcd00449-39ff-4e15-807f-821410f3e6d7,Phones Item 122,Electronics,Phones,66.69
1a24ab12-2827-4df3-aba5-9cde199d3be5,Women Item 123,Clothing,Women,430.9
7e33ad59-3a5e-40cc-9d61-7186d9c92f9f,Non-Fiction Item 124,Books,Non-Fiction,406.92
90b0efd9-f0d8-42cc-b2a1-fff3e1c86428,Phones Item 125,Electronics,Phones,474.9
8fef164a-e33f-4224-b68c-b2a65dcfb6dd,Laptops Item 126,Electronics,Laptops,63.08
f30f1b5c-6ffd-4189-a3cb-b79f0ce6a5f0,Men Item 127,Clothing,Men,73.41
227ac9a8-866e-405c-bc08-a866fd380642,COMICS ITEM 128,Books,Comics,173.25
4977c449-9fbb-4230-abaf-7658d48ee5e5,accessories item 129,Electronics,Accessories,259.14
49064c00-a8d5-406d-927c-2323a3e97fdf,Women Item 130,Clothing,Women,240.45
9e514743-f0bf-4f25-883c-b0cb1e875c67,Kitchen Item 131,Home,Kitchen,474.89
ba3fea72-02f3-4b1e-a730-312a995480bc,Furniture Item 132,Home,Furniture,483.24
36e0c63a-0014-431c-9760-8dd852a6f8cc,accessories item 133,Electronics,Accessories,318.16
70786642-7a0e-4444-b0b6-0ba8e26af3b7,Women Item 134,Clothing,Women,230.69
abb7d3dc-52b7-44e0-9055-6fda9c1dee0a,Kids Item 135,Clothing,Kids,9.03
826d9a57-1997-473e-8870-366bf9c54312,Non-Fiction Item 136,Books,Non-Fiction,407.29
7f6d5991-3bcd-44e3-a066-c1ee6c18314f,Fiction Item 137,Books,Fiction,308.98
f219e900-2b06-4eba-b659-ed71d78678ff,Women Item 138,Clothing,Women,5.02
7c329c1c-0fdd-4b2b-b76e-32c0cd50851f,Kids Item 139,Clothing,Kids,204.53
b99c71ba-2b06-4d1e-b19f-2721df302fd2,Kitchen Item 140,Home,Kitchen,339.66
66e40b78-e589-45a3-b19b-715271e034f5,Decor Item 141,Home,Decor,354.05
c77186a8-b44c-4eab-8f5d-029b3cff840e,Furniture Item 142,Home,Furniture,353.67
6384f508-24ec-47c1-aba0-287b88cdaa9d,Non-Fiction Item 143,Books,Non-Fiction,110.92
7689f2b6-259f-4bb9-ada2-5a17e503fe9e,Kids Item 144,Clothing,Kids,469.19
94f562a2-184e-4849-b0c5-0d989fcd482b,Women Item 145,Clothing,Women,72.76
5e9332e2-4e9c-4388-b832-0c7cbbf0e879,Fiction Item 146,Books,Fiction,136.79
63e6a1f3-83bf-48e8-8ea3-61bcf98d18ec,Comics Item 147,Books,Comics,231.31
4063e691-ec0b-4b65-a6bd-6678dfeaca70,Kitchen Item 148,Home,Kitchen,295.94
7c8e6e71-4cc7-4d6a-b8bb-60e695d6551d,comics item 149,Books,Comics,206.6
cf60ee56-7a42-4eb0-9df0-83d1698b4573,PHONES ITEM 150,Electronics,Phones,173.63
8eb3bf37-c08e-4ee1-9bb8-2f9df3ae5088,Decor Item 151,Home,Decor,55.71
3be20e22-cbfd-4963-9a3c-d107b2f2ea53,Non-Fiction Item 152,Books,Non-Fiction,43.17
2a951ee1-65c7-493b-8883-6d828712377d,Non-Fiction Item 153,Books,Non-Fiction,93.45
66831abe-c363-4502-87e9-1fc05a184aa9,Women Item 154,Clothing,Women,124.2
023ea2f8-2344-4831-a841-ba75e069ea2d,Phones Item 155,Electronics,Phones,24.28
1060eb1f-22a4-4efe-a1e4-f28ef2d584e6,Phones Item 156,Electronics,Phones,255.16
6c59c10f-bc4e-4635-bf23-ddc76f211427,Phones Item 157,Electronics,Phones,62.54
9e8e7915-3316-4b71-8bb2-4c6342298a75,Accessories Item 158,Electronics,Accessories,316.49
7e816ffb-f5ec-479d-b1d0-3b997efe46ee,Men Item 159,Clothing,Men,98.3
0438a639-7476-4ba3-a463-c33be396e0a8,Kids Item 160,Clothing,Kids,219.92
ac1456dc-627a-438c-9aba-443316eb178e,Comics Item 161,Books,Comics,130.03
e8ea19b1-fc55-400b-bb07-bb1e459828d0,Kids Item 162,Clothing,Kids,114.79
9c3736a0-7dd0-499b-b349-0ea0764b552a,Non-Fiction Item 163,Books,Non-Fiction,44.81
472bcedd-a0b8-4be6-946b-b04277328e09,Furniture Item 164,Home,Furniture,433.76
4a7a06dd-72f9-48d2-8a9f-3aa3104ef4ac,Non-Fiction Item 165,Books,Non-Fiction,76.54
32f08cbe-4989-4277-90cd-875415dee026,Phones Item 166,Electronics,Phones,25.1
519c4de6-d3ce-476f-8444-6dea8d03ab87,Non-Fiction Item 167,Books,Non-Fiction,420.3
1466fd68-daca-44a2-b1ee-0c8446834932,Furniture Item 168,Home,Furniture,351.78
b7dbae64-4744-4bd8-b9ac-8d4676d30688,Fiction Item 169,Books,Fiction,357.88
ef4bbefd-1b82-4ed9-8bf7-57ad938e6906,Kitchen Item 170,Home,Kitchen,451.11
1d351921-6075-4c49-b7c1-b768f488f6da,Decor Item 171,Home,Decor,340.72
33c1112c-5d57-4edd-9ef4-14857115af94,Men Item 172,Clothing,Men,147.56
e824c827-406d-4113-82ee-e9bf5de1bde8,Kids Item 173,Clothing,Kids,296.6
7af390d9-3397-4ee6-8cd0-d51a7fe6a79f,Non-Fiction Item 174,Books,Non-Fiction,456.76
4c427c7f-7a78-4442-9568-1201d3ac9ae8,Fiction Item 175,Books,Fiction,216.7
ec680e15-13a3-4fcf-b0b0-0beec2d2bbf7,Comics Item 176,Books,Comics,215.9
a7443c19-e3bc-4013-b3b3-e324ea187dcc,Decor Item 177,Home,Decor,296.69
1e22d66c-64ca-4815-97f9-e9ec799437ea,Fiction Item 178,Books,Fiction,17.88
d4df1632-4805-4fe5-957f-ae5d7a994adb,phones item 179,Electronics,Phones,398.23
004e03dd-f5f6-45f1-b2de-18198da74ca2,Laptops Item 180,Electronics,Laptops,269.8
1aed8253-d6a0-410c-9b87-0736aec8596e,Kitchen Item 181,Home,Kitchen,276.94
499b0931-a5f6-4fb7-86bd-1c282c3459ef,Kids Item 182,Clothing,Kids,133.73
ae169f62-e989-41ff-b57c-e2896aa31e77,Laptops Item 183,Electronics,Laptops,87.91
756572cf-360a-4545-a5f3-f3f3a075fdbe,Men Item 184,Clothing,Men,339.13
0ee9a357-4f10-484e-b738-fa6b7b7720dc,Furniture Item 185,Home,Furniture,71.68
e701ec81-3cb5-4faf-a1fd-8067878a7d64,Decor Item 186,Home,Decor,216.61
28f15887-c5af-487d-a0ac-051fed359c1d,Kitchen Item 187,Home,Kitchen,274.41
3ffac310-09a6-489c-96e9-a512c1b73407,Accessories Item 188,Electronics,Accessories,338.95
001577a7-fe9c-41cf-b6d1-33ace8ad2049,Accessories Item 189,Electronics,Accessories,491.97
7c106eb8-4d5b-4d15-8e15-5e48c757d713,Decor Item 190,Home,Decor,15.5
df09be8a-902d-4485-8f61-70a752f52a89,Furniture Item 191,Home,Furniture,153.53
adee571b-2cf7-44e0-a43c-00f556270d29,Phones Item 192,Electronics,Phones,468.81
5c9d0715-35db-4062-8b2a-9ec389281819,Men Item 193,Clothing,Men,389.28
803e8cab-1e4a-40e8-b2b6-f1a7dc3383de,Men Item 194,Clothing,Men,269.76
4ece350b-6ddd-4f38-a68d-39c5c30b37c1,Non-Fiction Item 195,Books,Non-Fiction,239.93
464ac4aa-b64b-4bee-950f-79c4f5bf2b85,Laptops Item 196,Electronics,Laptops,266.34
a206d2aa-0b24-4900-9358-23e5fa4ed376,Decor Item 197,Home,Decor,487.05
b32edb43-b94c-4b7e-8995-ea2f8c1d93ea,Kitchen Item 198,Home,Kitchen,391.92
2e0f9db8-6461-41b8-aa16-8c71c0dec035,Furniture Item 199,Home,Furniture,464.0
97f27f98-65c7-409b-be66-2c3c1133a91d,   Comics Item 200   ,Books,Comics,443.55
72ba877a-b92b-4b48-819c-845899b1f4c5,Phones Item 201,Electronics,Phones,352.7
a1693e31-3993-4688-8cc7-cd30665411e8,Phones Item 202,Electronics,Phones,451.45
4aa0a541-1235-4380-a327-a9bc70d387e1,Kitchen Item 203,Home,Kitchen,246.0
cb5a62fc-bb9f-4610-a014-5b2108c41a0b,Phones Item 204,Electronics,Phones,307.45
ec2c8da5-e656-47af-9696-963e1d99fd6e,Men Item 205,Clothing,Men,71.38
16c8187e-957a-4ddf-8ca9-42947be5ccef,Furniture Item 206,Home,Furniture,194.29
a8920829-a2a5-4be1-99e4-4ee7f04f431d,Decor Item 207,Home,Decor,296.1
cf129f4d-bc66-4149-8faf-48eee493c339,Comics Item 208,Books,Comics,474.28
513f21ea-0535-4c1c-8e86-9cdd2a49dbd5,Accessories Item 209,Electronics,Accessories,187.25
c06cc968-350d-4952-905d-a53805db5912,Women Item 210,Clothing,Women,13.79
cd926c05-3bb0-41a9-a702-d38e623b54e6,Phones Item 211,Electronics,Phones,319.94
9fa0fe8b-6546-4be5-9371-0c72196ed2bb,Women Item 212,Clothing,Women,157.96
ea5e7653-a59b-48f1-97b1-ae9be283aabd,Women Item 213,Clothing,Women,248.54
72849e6f-6999-4dbd-9cd3-495c46347ffa,Accessories Item 214,Electronics,Accessories,362.67
e7372148-fb57-4c4c-971a-dd17d2a48365,Men Item 215,Clothing,Men,60.26
dedfe409-02b4-4093-b43b-821b25587eed,Kids Item 216,Clothing,Kids,142.56
94570bb6-d70c-451f-b3dd-b67aa24860ac,Non-Fiction Item 217,Books,Non-Fiction,360.03
9bb51156-50bf-4fd1-b2e5-670534a0cc1f,Fiction Item 218,Books,Fiction,453.3
bc16b919-2c0c-4d17-9d64-653e7b28ec99,Women Item 219,Clothing,Women,189.63
9173b5d8-04bf-4a04-94b1-bbc7c8a19a58,Kitchen Item 220,Home,Kitchen,137.38
1abf075b-5778-4528-9068-2644aadf036b,Kitchen Item 221,Home,Kitchen,488.39
03ee8304-d092-4fe5-acd6-52ae7a584579,Kitchen Item 222,Home,Kitchen,333.45
161b9e7f-ff21-40f0-889d-ad689de0296b,Men Item 223,Clothing,Men,151.61
30976a22-c6e3-451f-b945-1b49ba365dfa,Kitchen Item 224,Home,Kitchen,493.39
771d943f-a1d2-4491-8575-2be1b19f96a9,Non-Fiction Item 225,Books,Non-Fiction,319.47
88fda90c-9506-4364-a766-c2e912cb0660,Furniture Item 226,Home,Furniture,40.28
9177696d-e769-41a6-93d6-718644fae29e,Furniture Item 227,Home,Furniture,454.15
9d490740-088b-4cfe-bc5b-646c424c3e17,Non-Fiction Item 228,Books,Non-Fiction,378.86
82355e07-fc8f-4065-805d-fd055ba7aa8e,phones item 229,Electronics,Phones,225.18
6a79d4e9-3030-4c60-b5cf-0a08f7848a01,Kids Item 230,Clothing,Kids,89.32
6ef215ac-e0fb-43a5-b84b-5245b97cbd51,Phones Item 231,Electronics,Phones,300.1
a8b058af-06d0-4a50-8ff8-52c9ff2ca408,Fiction Item 232,Books,Fiction,474.38
8347de26-7544-4297-ae39-8679fd36f5c2,Furniture Item 233,Home,Furniture,451.48
99e65cfe-1e06-4b46-85ad-525ab9a0a0fa,Phones Item 234,Electronics,Phones,338.0
7055ce48-6dcd-4c83-b6fb-932d51bbc7ec,Decor Item 235,Home,Decor,299.31
39d6e336-b8df-4aac-bd05-6c35bef130e6,Decor Item 236,Home,Decor,277.71
bf45556d-1092-4f96-b03e-4a55881d34be,Comics Item 237,Books,Comics,321.37
6de2c8e0-ce98-4743-ac63-f1e4b00c6801,Non-Fiction Item 238,Books,Non-Fiction,310.05
1d550b4c-9931-4ab5-a5df-387356e6789c,Furniture Item 239,Home,Furniture,462.11
76491416-b38a-4cf0-81d8-c0c1ac29c357,Women Item 240,Clothing,Women,472.06
7c8689ef-1855-4870-a592-bb8f2120eb46,Phones Item 241,Electronics,Phones,351.99
e0193bb9-96fa-40cb-b1e3-f4a428f618bb,Non-Fiction Item 242,Books,Non-Fiction,494.67
c1dc910f-4efd-49dc-9f1f-c26ec69a09a4,Kitchen Item 243,Home,Kitchen,130.96
5a1f828d-520f-4047-aaec-762772640939,Laptops Item 244,Electronics,Laptops,473.09
f7093a96-9d7a-4371-a292-a6ddc82db637,   Decor Item 245   ,Home,Decor,413.28
1a261aba-347b-4442-b910-c7790eb9028f,Men Item 246,Clothing,Men,348.41
cf219234-a8f6-4748-9c7d-fdd7c77c8dcc,Comics Item 247,Books,Comics,366.14
e1d295ff-ab65-4dbc-b846-71fe0b045fa2,Laptops Item 248,Electronics,Laptops,234.8
1a82431c-047c-40ca-9d4b-08b44150ffd3,Kitchen Item 249,Home,Kitchen,250.3
06578d71-661c-446f-b34b-55eff5c5870b,   Fiction Item 250   ,Books,Fiction,238.27
48ca951b-71b6-47d5-9ea2-41f1604004ad,Comics Item 251,Books,Comics,65.44
0868faf5-b24e-4e5e-921f-cb17845fe236,Non-Fiction Item 252,Books,Non-Fiction,221.38
2270e843-1e79-4976-9ab3-ae9c75847838,Laptops Item 253,Electronics,Laptops,361.17
2013118b-abf8-4baf-8896-22439f2fb38a,Kids Item 254,Clothing,Kids,73.46
f2d3b676-3c03-48cc-9194-b4a2c1be8e36,Women Item 255,Clothing,Women,460.3
5016f11d-d25d-4ad6-be4b-9a1831244e42,Decor Item 256,Home,Decor,36.99
040259b8-5218-4808-a18b-d971895a792d,Laptops Item 257,Electronics,Laptops,265.27
af746768-33d5-49ca-9fe3-2114df5157da,Phones Item 258,Electronics,Phones,330.36
16e21785-2218-4d08-8c26-c8814c2f455c,   Comics Item 259   ,Books,Comics,98.75
eb9938d5-87ec-4678-b179-b7939691b856,Phones Item 260,Electronics,Phones,432.74
0e6800aa-d916-4b8c-9949-e359cdd1da7f,Phones Item 261,Electronics,Phones,239.37
831c0f62-edb2-4969-a27b-4c62d4d37e21,   Women Item 262   ,Clothing,Women,118.53
b4c890ca-d772-4046-9b7a-2559fa8b095e,Phones Item 263,Electronics,Phones,453.25
c8f833a6-06ec-42dc-b051-767ade4f94e2,Decor Item 264,Home,Decor,9.42
224af4cc-78e2-4723-a9b9-4c64d56d0bc0,Phones Item 265,Electronics,Phones,251.47
79f01ce9-aa00-4d54-ac1b-30dd0d816e3d,Kids Item 266,Clothing,Kids,146.85
e70e9979-8223-407d-9602-9903028f17b6,Laptops Item 267,Electronics,Laptops,435.84
0f58415b-1868-49ae-af9e-856a2e740124,Non-Fiction Item 268,Books,Non-Fiction,283.77
db32874e-6bf5-4c8f-a1ff-70dfba5953ff,Phones Item 269,Electronics,Phones,287.14
e470b3ba-2e57-4ad2-85bb-15cb6f6f11cb,Comics Item 270,Books,Comics,270.06
190b7d0e-b350-4363-99e8-e33ef6fb88a4,Non-Fiction Item 271,Books,Non-Fiction,225.95
372bf92c-48a6-44ed-91ab-bcfc2db34fae,Laptops Item 272,Electronics,Laptops,40.79
fc87adc4-6bdb-424d-a2a8-1664b2e81473,Women Item 273,Clothing,Women,177.0
cf917dab-b2be-4a67-bc4b-95c4b3311382,Furniture Item 274,Home,Furniture,287.47
117d2107-640f-42f1-ad20-272ffb5c098b,Kids Item 275,Clothing,Kids,73.04
f2ece928-d3a2-43cb-94f9-d9e4a9905e2a,PHONES ITEM 276,Electronics,Phones,431.63
294293cc-b96f-4fa3-ba2f-b2c3aeeb60d9,MEN ITEM 277,Clothing,Men,349.29
05d61314-945c-4a54-aab9-5adc4e715e85,Laptops Item 278,Electronics,Laptops,354.88
1300e2b1-7a98-4b3c-946a-13a0629d4b13,Non-Fiction Item 279,Books,Non-Fiction,66.94
93aaaa53-7a3e-4229-b4e1-51578fdba1e1,Fiction Item 280,Books,Fiction,53.56
9abf0645-0753-4614-af84-1f625e81ba3b,Comics Item 281,Books,Comics,119.51
40ab8d3d-2b46-4bd1-b53f-3202dd64bbc6,fiction item 282,Books,Fiction,198.32
aa3cc0a6-29db-49be-8e02-9b04ac2d0168,Phones Item 283,Electronics,Phones,327.67
46ce3d88-4397-40d3-804d-26595414a404,Women Item 284,Clothing,Women,216.04
13c4f0de-19b0-4120-bb53-840a77df735c,Kids Item 285,Clothing,Kids,215.97
419e202a-bbc4-402d-8705-11971b2553a3,   Phones Item 286   ,Electronics,Phones,372.0
80ee7d94-fd45-400b-9842-411a40816043,Laptops Item 287,Electronics,Laptops,397.14
6b3ce28e-c75b-4899-89c6-d3f418099a2e,Accessories Item 288,Electronics,Accessories,161.61
80cb587d-8b3a-4ee6-adb2-fa1c7dc26c8f,Comics Item 289,Books,Comics,272.22
b29043cc-8754-4e07-aa1d-1064484f3928,Phones Item 290,Electronics,Phones,476.64
c96555a2-57a1-41da-9a03-ea10e2f1df02,Accessories Item 291,Electronics,Accessories,308.39
820d2451-3832-460c-a4f1-87fca44b097e,Kids Item 292,Clothing,Kids,221.34
9c0fc7de-4378-4b03-88d5-b35b9b49cb79,Decor Item 293,Home,Decor,223.71
0b636b44-6dc8-433d-9b42-b64d73068332,Phones Item 294,Electronics,Phones,224.97
86ae5587-d1f5-4688-8777-900331bb395e,Accessories Item 295,Electronics,Accessories,22.8
26008f5a-41ec-41d0-993b-1ab2fb21e89b,Phones Item 296,Electronics,Phones,133.87
1c1ee289-0c3b-43e8-9dcd-6d2ab2773fb2,Laptops Item 297,Electronics,Laptops,198.5
7a95577a-5cc0-4019-849e-f72e5810145b,Kids Item 298,Clothing,Kids,246.34
7dce52fc-4810-420c-a608-6a4ccb048c54,Non-Fiction Item 299,Books,Non-Fiction,84.09
8d0bbc1d-d37b-44ab-a81f-b42c42032cfc,non-fiction item 300,Books,Non-Fiction,92.98
fdf2b457-8801-4ca3-9110-00704efa6ac9,Fiction Item 301,Books,Fiction,317.02
8541d620-c853-4fc0-b4e5-77e4972812b6,Decor Item 302,Home,Decor,462.77
7e3bdfdf-0a88-4066-8c76-3d4c4c788d4d,Furniture Item 303,Home,Furniture,230.93
ef225b0e-cfed-449c-8553-3cb4aa647037,Accessories Item 304,Electronics,Accessories,96.46
fa163393-818b-425f-a914-77223d888cd8,   Accessories Item 305   ,Electronics,Accessories,381.95
92fc5b9a-e6e7-43d8-a585-91173980cda5,Men Item 306,Clothing,Men,327.38
89ea56e7-3e43-462d-b3f6-4b9624cc6019,Kitchen Item 307,Home,Kitchen,88.81
bd8e4ee0-292a-4c69-8877-fd64508895a8,Furniture Item 308,Home,Furniture,249.45
8d891e53-49ac-4ebb-9381-fe8a3f9f2960,   Kitchen Item 309   ,Home,Kitchen,408.7
115001c4-7688-4ecd-b365-77d4045e9903,Kids Item 310,Clothing,Kids,356.0
54191128-3492-46b4-b6d2-684138a71ba4,Comics Item 311,Books,Comics,276.13
ac10296b-9099-4f45-aefb-3fca7c88fba5,Non-Fiction Item 312,Books,Non-Fiction,35.72
a1d11ec6-7986-40d2-b17e-051cb1facc0c,Furniture Item 313,Home,Furniture,142.85
44a5d4a3-8b1e-4e07-b89f-05b00425899d,Laptops Item 314,Electronics,Laptops,373.32
1d9ae587-1041-4544-bc27-70d40763f5a1,Phones Item 315,Electronics,Phones,286.77
7edb72b4-2703-486e-bf42-e2f3169c7202,   Laptops Item 316   ,Electronics,Laptops,457.19
83766ebf-517e-492d-a302-47928d4c0c5b,Non-Fiction Item 317,Books,Non-Fiction,372.35
8808de6b-c3a1-4503-84a6-abef07c40355,Men Item 318,Clothing,Men,99.59
10083ef2-c9cc-453e-84fd-691b4f6b18d9,MEN ITEM 319,Clothing,Men,118.82
7a796a60-a240-4afb-b936-4b2f26f8f351,Phones Item 320,Electronics,Phones,488.2
f01e2509-f370-4b88-b49b-7b3654ed132d,Men Item 321,Clothing,Men,132.57
d676fbdb-3a17-422d-9f13-b293dc999a27,Comics Item 322,Books,Comics,208.93
f584146f-ba01-4dd2-84da-bcc2d075024a,Non-Fiction Item 323,Books,Non-Fiction,274.42
24620dc7-3a22-4bc4-9d53-f0b6e32dae75,Non-Fiction Item 324,Books,Non-Fiction,494.89
3220ea2a-48e9-4f2b-afd7-b8b9e9f1819f,Kids Item 325,Clothing,Kids,324.66
3529363a-dcb6-4444-9baa-8d1c933b7adc,Kitchen Item 326,Home,Kitchen,121.4
326e738a-ee45-412b-b274-42170931dcde,Comics Item 327,Books,Comics,262.56
39d010fe-ba5d-4d99-9056-ab9e1b1f69f1,Accessories Item 328,Electronics,Accessories,434.0
dfb29027-eb29-49e1-b718-9f0330c091c2,laptops item 329,Electronics,Laptops,229.78
a29084d1-71e9-4dd9-9ae7-4d240fbb58af,FICTION ITEM 330,Books,Fiction,483.3
783a6e78-3b45-4fb1-af7c-a8989bc4a234,Accessories Item 331,Electronics,Accessories,131.57
bcbc79bd-668e-4f0d-b85f-424cd207d39a,Laptops Item 332,Electronics,Laptops,135.85
4dc10593-28b3-40d1-9dd1-d55263ccccf7,Women Item 333,Clothing,Women,423.56
638e0f61-ea28-4fef-99da-a3bbd6ba4b55,Furniture Item 334,Home,Furniture,104.93
46153b3f-77b0-45b1-bf08-463b5d3d00e5,Comics Item 335,Books,Comics,120.61
0543f094-1cf9-4d58-bfd8-d451bb95cc84,Women Item 336,Clothing,Women,380.1
0a4c6b9b-f995-431c-a342-a2b508437f25,Non-Fiction Item 337,Books,Non-Fiction,481.61
85964621-177e-46d7-ba24-fd25f79f30eb,FICTION ITEM 338,Books,Fiction,74.42
eea1bfa7-0795-45b0-9298-b9eb2f1a27a0,Accessories Item 339,Electronics,Accessories,193.15
8b1cf094-9102-4620-b7e8-ea3f25ed3b8b,Men Item 340,Clothing,Men,369.75
7f4ade27-fbe7-445e-ba1e-3670e19602ca,Phones Item 341,Electronics,Phones,369.55
8bfffc49-aba2-4843-8df2-c325e089ce75,Kitchen Item 342,Home,Kitchen,423.57
ff5a24cc-66c8-4ad9-94a8-1ec2c5339076,Phones Item 343,Electronics,Phones,158.59
b89b29c6-89e9-47fb-b51d-82b4f376883b,Accessories Item 344,Electronics,Accessories,480.24
3adf324e-4577-4141-84b7-d9cfdee3665a,Phones Item 345,Electronics,Phones,277.82
633b791c-bae3-4e01-9c66-40cddbc0e330,Non-Fiction Item 346,Books,Non-Fiction,6.6
56604ab8-4d58-4da2-b8e0-a709d3b45fab,Accessories Item 347,Electronics,Accessories,143.81
348d42be-0d2a-414a-983e-b5257d62c0ba,Furniture Item 348,Home,Furniture,171.4
66fac7c3-6dbd-4470-8962-236e8a4f791a,Decor Item 349,Home,Decor,441.19
c1f90eb8-386f-453e-8269-96ab1690731e,Phones Item 350,Electronics,Phones,376.57
c060b422-ea0f-466c-8c18-a5995acbd3d7,Decor Item 351,Home,Decor,30.26
94a1d426-e4c5-4b0f-a774-143ad28c153f,Decor Item 352,Home,Decor,260.39
4a69a78a-8214-47b0-b8d3-a68f9fc92792,Fiction Item 353,Books,Fiction,131.56
50c6f235-9f75-4e27-8bc7-890f81a2e512,Accessories Item 354,Electronics,Accessories,21.33
b5a3b1d1-d7bb-4be7-a1a6-38c579172622,Decor Item 355,Home,Decor,469.37
0c8db978-bd6a-4fe7-81a7-3efc8b3ecf8f,Kids Item 356,Clothing,Kids,404.14
e7619966-3596-4857-9232-1c7d98bdc393,Phones Item 357,Electronics,Phones,137.84
a9a80bb0-ce73-4adb-bd20-7c1284b95165,Accessories Item 358,Electronics,Accessories,256.36
e6e092b6-49ef-437f-acf2-0d75f9bd8a05,Laptops Item 359,Electronics,Laptops,390.3
c97b8cc8-5d47-41d8-bcbb-3efb4b56b05d,Comics Item 360,Books,Comics,444.35
d7c05166-193d-43c8-ac66-c41c5e70db44,Furniture Item 361,Home,Furniture,431.08
f328653f-bdbc-47e1-bf34-d5380dd84838,Kids Item 362,Clothing,Kids,297.78
fa7d7c74-7a62-4ef2-a979-891b16e748a8,Furniture Item 363,Home,Furniture,92.14
2724eb5e-71d1-4f45-b979-7fa6e9237d2c,Comics Item 364,Books,Comics,493.3
02e41628-54f9-4476-8e88-5d6c77bbdfeb,accessories item 365,Electronics,Accessories,367.71
9cdb1599-f2bd-468b-8cc2-770d2ca4005b,Phones Item 366,Electronics,Phones,141.75
8796a647-c996-42db-9002-d0d0e57408a2,Accessories Item 367,Electronics,Accessories,319.79
848a5252-1c4a-433f-b773-551d0b8d7dca,Men Item 368,Clothing,Men,379.51
b421cbc4-869c-4a1a-9148-cf5d8d898d65,Accessories Item 369,Electronics,Accessories,421.72
31c42a86-5fe3-4a79-88d7-3e9962fd91ba,Comics Item 370,Books,Comics,135.49
bbc98201-0d85-4516-822e-f133dbd0447f,Kids Item 371,Clothing,Kids,134.12
ba28289a-31b6-404c-a0ff-c015758848f4,Comics Item 372,Books,Comics,258.93
60be95b2-6e17-4d59-9ac8-c39ec0a378bf,Comics Item 373,Books,Comics,41.63
36085bc3-f0e1-42f3-992f-9a248adf975b,Kids Item 374,Clothing,Kids,338.16
9750db87-29ac-4a84-81e2-d415251105c7,Kitchen Item 375,Home,Kitchen,24.68
e56d79e4-89f0-4bce-a624-14614ba71562,Comics Item 376,Books,Comics,462.02
c1be26e4-fbe6-40a8-983d-8070f346fe44,Phones Item 377,Electronics,Phones,200.46
ef78c195-e1aa-42c4-b454-7ce83a617919,Phones Item 378,Electronics,Phones,218.31
02214ea0-e1aa-49e6-bbdc-2d5ba969cc31,Furniture Item 379,Home,Furniture,25.33
d9cc5b3b-ee3d-4fb4-99b0-0db7db0e5bfb,Women Item 380,Clothing,Women,205.88
81d2f0e6-fb00-4547-9831-f3babebbcafa,Phones Item 381,Electronics,Phones,177.23
b3f6f63d-5b5c-47ba-b92f-a58f08bae2f8,Phones Item 382,Electronics,Phones,301.21
b93edfff-f15f-4af7-a606-74c91b5f2225,Decor Item 383,Home,Decor,91.13
fd6ef7a1-e06c-44a2-b260-382dcabaad5e,Furniture Item 384,Home,Furniture,445.11
d11f61b0-3a98-4f27-9fe1-aaa3ee0f3272,Decor Item 385,Home,Decor,443.39
61e93218-2afb-4e86-97e4-ff02eaebf8b0,Comics Item 386,Books,Comics,439.76
1e49daaa-2a7b-45a1-aca9-ad2e99af30df,Non-Fiction Item 387,Books,Non-Fiction,138.26
06c243c8-64c5-48da-8fc9-5c1d867a124a,Comics Item 388,Books,Comics,158.08
ffac4929-ae51-40ba-903b-784fe182cf03,   Kitchen Item 389   ,Home,Kitchen,129.38
fb91179d-070b-4e73-a2c9-c5a0d54dcae5,Men Item 390,Clothing,Men,179.78
452ef805-09fc-4058-8157-06791be97c4b,Women Item 391,Clothing,Women,137.74
a365d0c7-946b-45b8-ae0b-93279541836e,Decor Item 392,Home,Decor,37.42
ebf31261-c906-4d82-97c7-de662faa2855,Men Item 393,Clothing,Men,125.41
b2ddbe98-69d8-4d95-8916-a5416308b4ef,Laptops Item 394,Electronics,Laptops,289.3
fdbdd4bd-e2b8-42ea-99ef-03525cd9b9af,Men Item 395,Clothing,Men,90.68
63f385b8-4173-4e02-a2ee-13773d63fea3,Women Item 396,Clothing,Women,346.96
ab9fd4f2-e2e8-4d3d-88e0-c1a8667a1f6f,   Laptops Item 397   ,Electronics,Laptops,323.89
c642b085-d5d5-46a6-b0ee-f3a69bf14a86,Furniture Item 398,Home,Furniture,200.59
73defd8f-6547-4d45-b44b-aae0a5f7fb7d,Men Item 399,Clothing,Men,375.76
eb435fc2-262e-4c92-82e1-ce4ce9713da8,Men Item 400,Clothing,Men,138.16
398cc6bf-e1d2-4568-865c-5d1d48f89580,   Kids Item 401   ,Clothing,Kids,150.67
fc6d0efe-a921-43a7-bd3c-fc341cd7d1d4,Kids Item 402,Clothing,Kids,251.31
009c5dfe-82ba-43e0-aa65-6a47c4487b16,Non-Fiction Item 403,Books,Non-Fiction,22.12
e17d2f10-e305-4e76-bb53-042981479b95,Kids Item 404,Clothing,Kids,381.22
10ebedcb-992a-492c-8dc5-f10ae2d58ddf,Decor Item 405,Home,Decor,311.41
dfcd8fc8-0100-4b0b-843b-d86afb501365,Non-Fiction Item 406,Books,Non-Fiction,61.83
dcb57999-f777-43d4-b400-bbd2e7ccd567,Comics Item 407,Books,Comics,496.59
f534c3cf-0f8d-4e97-8b58-7cb07d8eb1b4,Fiction Item 408,Books,Fiction,395.13
13089f36-342f-4a5f-a07e-8ff867970cb0,Laptops Item 409,Electronics,Laptops,461.93
4a2449dc-7b26-4c26-9a83-d99d560f7c72,Comics Item 410,Books,Comics,138.79
8fb15da0-445b-4ea1-87d4-14aabbb7bba4,Men Item 411,Clothing,Men,373.43
d1e9faca-ecb9-4419-8462-96b01f3c2e79,Decor Item 412,Home,Decor,93.3
76ba5764-250e-45f2-9dae-0718b1642b65,Men Item 413,Clothing,Men,435.23
c31c15d3-58da-4cf5-8c0e-3c37c3fd02db,Women Item 414,Clothing,Women,403.25
14608648-1b64-4fe0-92ff-5978d58187bd,Decor Item 415,Home,Decor,478.72
44f580e1-37f4-4329-a474-ff89399cb3f4,Women Item 416,Clothing,Women,371.77
0c57199e-1667-4e6b-9d11-715e9f11d415,Fiction Item 417,Books,Fiction,464.66
e72c47dc-faff-48a8-b55f-e382e2e9fa69,Men Item 418,Clothing,Men,75.52
30bbe51c-1fb0-4447-b63a-04045e43c7c7,Decor Item 419,Home,Decor,262.85
8f85b608-f1dc-4294-9eca-e04d929bf210,   Fiction Item 420   ,Books,Fiction,173.53
0924f2de-86f3-48ab-a2ec-92605113c9f7,Kitchen Item 421,Home,Kitchen,44.63
9def823e-d818-41e7-b6f4-81334fbe863c,KIDS ITEM 422,Clothing,Kids,429.21
1e12885d-63c4-438a-b15f-3e4fcd09de9f,Women Item 423,Clothing,Women,483.15
3e44a4b1-8b21-4d5b-9311-1dfa04c66a13,Kids Item 424,Clothing,Kids,281.7
a9d8fe71-06e8-400c-8441-d9723cb2664f,Kids Item 425,Clothing,Kids,457.6
74494a18-073d-42f0-836f-041339757ff9,Kitchen Item 426,Home,Kitchen,208.27
f3203d89-320f-4305-944d-c4f35fa42e81,Women Item 427,Clothing,Women,397.02
b96b0e05-3061-4bd1-875b-eb7f069419d2,Comics Item 428,Books,Comics,295.64
107f4eb0-5cf2-40bd-953c-912f74d75f84,Kids Item 429,Clothing,Kids,356.97
8ef0bafd-4e30-4635-8126-bd214d4fd3d0,Kids Item 430,Clothing,Kids,378.73
799013af-de9b-4a18-a13f-357118e9efd5,Fiction Item 431,Books,Fiction,331.01
916d7111-db2b-44dc-a692-730314877294,Phones Item 432,Electronics,Phones,231.98
9c9dd09e-4728-41c2-8e5b-63ed547791bc,Phones Item 433,Electronics,Phones,238.71
c892e31e-eab0-48c5-aa88-10774710ff23,Phones Item 434,Electronics,Phones,470.8
04fe9970-f4fe-49e0-a923-a68229cd07de,Women Item 435,Clothing,Women,385.42
df3d359e-a0d8-4474-9743-6f61e3d25767,Women Item 436,Clothing,Women,434.75
c9daabe4-46b9-4292-9ec1-9872b4db961c,Men Item 437,Clothing,Men,299.05
dc2a155e-f7ed-47ea-9891-741af287a331,Decor Item 438,Home,Decor,210.53
0f42f958-cabf-456d-a8e2-4c9c5d086040,Furniture Item 439,Home,Furniture,185.5
05625c47-bd91-4054-b59c-9b4541c80b08,Women Item 440,Clothing,Women,344.18
0230090a-d16a-4528-9777-28b36c0de6e7,Phones Item 441,Electronics,Phones,462.89
2c273af4-af9a-4e20-820f-45ac13840659,Non-Fiction Item 442,Books,Non-Fiction,73.92
75bfcbf4-6cfd-4c3e-b4df-607fb7d80f50,ACCESSORIES ITEM 443,Electronics,Accessories,446.09
ea32cd78-88c0-4628-8591-a66c93d772a4,Decor Item 444,Home,Decor,273.76
28c30bea-a6aa-4038-a22b-11343032a251,   Laptops Item 445   ,Electronics,Laptops,367.59
22431d1f-7eb6-4ce1-8813-5e61c53c086f,Accessories Item 446,Electronics,Accessories,433.96
b746c632-8b4f-4efd-88e8-b4fb14b9bd3f,Kids Item 447,Clothing,Kids,192.48
79b18bc8-15bc-4547-b410-01e9480db095,Comics Item 448,Books,Comics,61.06
a522ff6b-24f7-4686-b21c-1ee0c66da199,Kids Item 449,Clothing,Kids,454.04
50c3db05-4d9f-4841-bd8e-f4d9970f204f,Women Item 450,Clothing,Women,184.12
984dd28a-1e5f-44c1-94bf-abc3491268d9,Kids Item 451,Clothing,Kids,463.84
6b0be136-953e-4fa0-a7e8-ce0a32c7b0ae,Laptops Item 452,Electronics,Laptops,71.62
eff95ad9-4bdf-4e31-9aa1-ac1df2e234c7,Decor Item 453,Home,Decor,13.63
65ada9b6-73fd-4a3d-9006-096fa7ea0f06,Kitchen Item 454,Home,Kitchen,204.0
a20c6cd2-9ca6-477e-bd59-74284b1bc579,Laptops Item 455,Electronics,Laptops,214.45
f3a2e0d6-f4fa-41ed-aa68-c4db43c0a924,Furniture Item 456,Home,Furniture,77.1
12f47894-ea8f-42e3-ba55-76df9098e17e,Decor Item 457,Home,Decor,450.64
c60ebdc5-836b-4c11-9576-454d9740868b,Furniture Item 458,Home,Furniture,478.79
6585f452-981c-4736-a053-8c0846805280,Accessories Item 459,Electronics,Accessories,498.76
7de87e52-fe02-425a-a510-34238537501f,Comics Item 460,Books,Comics,153.07
e7e95e02-31d6-4e51-a7bb-c2703490967b,   Accessories Item 461   ,Electronics,Accessories,33.58
71c9731d-3cfb-4468-96fd-a734311b178f,Laptops Item 462,Electronics,Laptops,254.08
52b027cc-b79a-4b3d-983a-f34e728f585d,Furniture Item 463,Home,Furniture,432.3
3cb6fed6-12b0-41dd-92b5-8c53b90afdca,non-fiction item 464,Books,Non-Fiction,244.83
e2b293d2-0e14-489a-9dfd-dfe0d9b46111,Laptops Item 465,Electronics,Laptops,403.72
d2ce2e62-aa20-42ee-8a2a-f2fe2441ea76,Non-Fiction Item 466,Books,Non-Fiction,115.15
a41cc35f-bf25-4b35-b367-37ebee4e1467,Laptops Item 467,Electronics,Laptops,351.7
6ad776d2-3e3d-4a08-b1ae-5c4bcf126cc8,Men Item 468,Clothing,Men,190.39
68f47089-dc3d-4540-a6a4-a0f41ba1164e,Women Item 469,Clothing,Women,33.31
1850ef76-c00a-459b-99b5-bbe32a9805c1,Kids Item 470,Clothing,Kids,226.19
0150c37f-6fc7-43bb-911a-71c43e48ce04,WOMEN ITEM 471,Clothing,Women,237.45
18dd1d99-06eb-4f1d-ad84-94d4c30e1a56,Furniture Item 472,Home,Furniture,78.18
7c32211c-f2e3-42f6-bb32-c46b673afc4e,Kitchen Item 473,Home,Kitchen,305.92
82630e37-394e-4908-8dff-f9d16b3fcedc,Laptops Item 474,Electronics,Laptops,348.76
b4fe18ae-5918-42b1-96da-2b8cb0e7390b,Fiction Item 475,Books,Fiction,344.36
c8910970-1b17-4fe0-8592-875c65fa788b,Fiction Item 476,Books,Fiction,398.91
66566f5f-80af-4d29-b423-b74064b7464c,Phones Item 477,Electronics,Phones,391.76
06333be1-00da-44bd-a903-c3b26f6d6386,Women Item 478,Clothing,Women,308.62
50712d1f-a6b9-4d70-a15c-7d486d5f1a42,Accessories Item 479,Electronics,Accessories,50.37
01a5bbdd-4407-47b7-a189-f450d0a9cd9e,Fiction Item 480,Books,Fiction,462.71
ab7e3721-7bf7-47d9-954f-9a0ac9a5a6e9,Fiction Item 481,Books,Fiction,93.5
ca594a5a-5916-44f5-b7a6-65643604931c,Kitchen Item 482,Home,Kitchen,37.72
1d9840f6-324e-44d9-8656-1a7e86e93476,Furniture Item 483,Home,Furniture,267.83
d77d41de-b752-4ded-8b50-013e319a347a,Laptops Item 484,Electronics,Laptops,314.58
be525e71-6a5e-44ef-bb6c-16f5e30fd16f,Furniture Item 485,Home,Furniture,184.46
9631bfc6-6224-4815-b818-b853899f6fad,Furniture Item 486,Home,Furniture,141.85
701af7ba-1030-4e57-a979-47ca69e4d3f7,Decor Item 487,Home,Decor,263.87
efd43772-56f7-4b23-955c-de54045c6d65,Accessories Item 488,Electronics,Accessories,236.88
cd26f913-406f-4111-9265-12ce65a89726,Men Item 489,Clothing,Men,373.58
0de5fce5-f281-43f8-a510-81605d03847c,Kitchen Item 490,Home,Kitchen,21.89
0246e92c-5131-436d-ada3-421f490034f6,FICTION ITEM 491,Books,Fiction,89.05
e9338f5b-11d1-4c4b-9f1d-7aed9b092e01,Kids Item 492,Clothing,Kids,271.18
b65909d1-b68c-4e86-b3b0-69301cfa936a,Furniture Item 493,Home,Furniture,340.12
427d9216-93d0-47d6-8ea5-744e25a2b3cb,Kids Item 494,Clothing,Kids,412.2
7eacd530-e0b2-4777-b5ac-17afb6b605c6,Fiction Item 495,Books,Fiction,68.51
0ab758f1-1c96-48c5-9084-2f4d5ad7a946,Laptops Item 496,Electronics,Laptops,489.22
14329cd7-76d8-4a43-9b90-cadc2fffa12c,Fiction Item 497,Books,Fiction,476.01
6c1d762f-5697-4c54-bb76-e5d3e8831fbf,Laptops Item 498,Electronics,Laptops,213.55
fa7a1715-7467-4dae-9bb3-c412205cf6ee,Kitchen Item 499,Home,Kitchen,23.58
